pm25_ugm3,pm10_ugm3,no2_ppb,so2_ppb,co_ppm,o3_ppb,wind_speed_ms,wind_direction,temperature_c,humidity_percent,precipitation_mm,traffic_density,industrial_activity,aqi
147.64208370772465,213.479896685171,,58.268346375859856,7.509685298595771,24.663439484775974,3.4942113931656356,E,23.013015117576817,43.05504836904035,45.979514989540846,Low,Medium,496.0
60.99993503272419,78.34495799645251,6.7816610628931295,49.92630062118652,9.022973809375456,122.18586325933111,12.789867648895953,N,23.62006269379934,42.19608657567335,40.76750565544475,Very High,Low,432.0
130.24352328930297,76.24590307132358,123.56247234025905,69.65295093722759,3.926962380458597,14.112894718170146,1.5034802803968055,W,24.155788135277398,33.766590935910536,25.91539146724278,High,High,219.0
26.448239484968994,298.71322811309375,,73.21649339206009,0.14580754367123258,34.06547720808449,4.288634140749049,W,5.1913497657366,72.69135122026374,9.265447505039798,Very High,None,221.0
77.57216886306735,110.12801074160414,17.982838847274575,92.68519268507502,0.6277741558187103,132.93468193691655,3.5706418916531235,SE,13.371630446731558,36.550532144327306,5.288772220524534,Medium,High,170.0
186.87647599776818,273.28087418071794,93.07997089393443,83.4941363573948,1.0050517051566183,19.649988119672443,12.367697633373423,W,3.754039176711439,51.12644891910847,33.33544244444122,Very High,None,256.0
193.31097189205317,282.80061875334195,16.43107701342261,74.99696765305453,3.2777974411025244,164.50820496001398,13.078426344813586,W,,68.59628961908426,43.02807283804295,High,None,155.0
154.44459316723425,,94.49158451106793,64.5659707688628,8.461025727381934,12.731642416676948,11.618778272954914,N,11.413516492326671,53.340447680950504,48.5083243074896,Very High,High,426.0
8.967257651494332,196.4474837584716,69.51100164745431,22.719732306053896,0.4113080136563749,17.700796669892682,10.372280222880192,E,24.60653406926692,29.729983183706537,28.344890588733936,High,High,166.0
18.46885983517374,241.27644430105948,81.58380782159628,17.47093868404342,7.65946530348159,,12.397180659576218,E,2.6565491029345223,41.02634540515794,35.0682458122073,High,High,379.0
31.872027032061265,167.2516362023289,29.161265508713484,89.17482484561718,4.719141506739758,158.56126298953143,6.515916009433535,E,-3.7808325468276127,85.32229521577733,20.909886941414662,Low,High,433.0
71.38637201557978,289.47241106750295,19.417293854986,36.2619129823787,2.164222459731539,129.84186150209925,8.154585982045274,S,-1.8023129050145092,71.41939065847737,35.151826563483965,Very High,Low,351.0
126.06186476066623,150.36086016423448,82.29130277901876,54.41389078326899,5.392164719042806,85.59516708891367,7.46892300116548,S,10.137566512099365,54.43334097431281,14.222975903092628,Medium,Low,155.0
183.93808242029036,198.64894416359573,35.53255863062361,82.68870592536597,2.75314451973415,163.1578158844337,7.879954060371023,N,5.32543529482731,36.98703392585334,29.746019712263127,Low,High,287.0
48.815419545692045,62.89853594476215,121.31697181271763,63.21348310819234,8.544497165507059,81.9836374112266,6.073580728762195,N,14.896556689376396,29.92456725988682,9.631713767641376,Very High,High,227.0
19.44097200580631,45.00419516832945,19.55995766469938,36.400980170564964,6.774908656610931,126.94357586437,,SE,34.113851067606014,34.30063775757266,47.51228395374509,Very High,Medium,418.0
167.2737986814741,271.0163725422605,28.70214154064368,48.4285550610287,0.27170817806773284,175.5644282378263,,NE,1.3770801498787133,46.93656182572137,10.906542708696099,Very High,Medium,302.0
124.89420146556597,28.081301335681285,86.82101606038502,,9.705157342752099,69.64697781931778,1.646674677170723,NW,-1.3576806155746235,89.3977462135407,29.982681683785202,Very High,Medium,133.0
130.81205769302161,13.74701446164028,117.0272651598823,61.03927030151042,1.2677618185000272,158.28037063272046,3.227505774339316,SW,-1.2920264194176134,62.455029203003576,28.999092293645322,Very High,High,147.0
122.61570382099472,97.34100852112552,95.42978956017589,94.92276006346665,2.130515396343673,141.87432490849983,7.132480919372322,NE,24.17958019391211,67.8139984758985,42.860700868399064,High,None,345.0
194.13938556883036,30.869732356230635,141.55411517614777,20.527912797827355,7.349146810226252,130.42700956402712,4.159291634745878,S,4.911603047657685,70.55117746660618,37.148274195096434,Medium,None,293.0
30.576637938450283,25.05652099163455,124.30698809182739,30.458123606216795,9.724981928549756,25.183321844177,6.533709494056516,W,33.217447684232766,70.52760113809097,5.69876471552237,Medium,None,
140.78439705633232,43.678767840258026,106.76790800009363,42.21616386293758,1.7348077342026418,60.62472580774619,3.752574468179033,NE,-1.9323731287960833,64.78079441880664,22.60112808423801,High,None,
121.87123384285833,136.2105770456767,32.76180536983006,51.50739700273128,7.495840030703288,104.05204294583699,4.500912502370685,SW,-3.9431026098695643,76.84111668762655,39.00993608798672,Low,Medium,225.0
10.576003532183849,252.45704141530445,106.71633147640839,50.92111565043402,8.608047948615683,193.07914451106694,5.837991034776585,SW,17.02615046608294,67.67447746883366,,Very High,Low,291.0
,34.81862857448705,11.899850381223212,93.25347343384072,1.8523043666192385,178.39095404926846,1.585993406577667,NW,30.77404464800628,82.27783636782694,11.583237468308273,Very High,Medium,50.0
170.08656400892326,288.4119988018932,78.45235904603017,30.18048440144534,8.380714480840911,102.22122374217567,4.137781722226696,N,-0.5888939019514172,75.97805711467632,40.43196878110301,Very High,,327.0
142.9242160536034,236.28988930458357,37.249457684137816,42.028466606023294,6.518095222603319,45.341546811941946,5.511699639133301,W,9.622349177625043,20.552881350842203,36.801598013299035,Very High,None,390.0
22.972506327360783,284.76168690203997,19.24413858480898,7.220159779653528,5.494073861967524,94.84866393099055,7.99694086230471,E,11.457524405186625,60.83805746060025,6.792983279944082,High,Low,318.0
39.94693066232583,134.3474765967166,122.17225178439288,88.93049339730904,6.652162102833512,191.57410239062006,2.1063837203407765,S,8.786757090266173,88.45139398494541,20.515683177843318,Low,Low,475.0
183.29551047318796,132.3938938176949,66.18015446014316,49.09705331490882,3.2861748935514945,170.83492173266166,10.42990343293435,SW,-2.601946165486213,48.93709176659041,1.9589315351255632,Very High,High,147.0
137.99238479031774,242.88962046054547,47.41643154654328,9.100723716787066,1.3307661742951729,145.02751226168127,3.1809679435244287,SE,34.37304307861007,33.005472672514685,47.08184239929458,Very High,High,265.0
173.78869586664032,142.36081453378065,50.07408338744153,24.767869433780184,0.14818907233178902,85.41449857130604,10.876767925939554,SE,31.682519988652174,61.010083086386985,46.73388691718606,Very High,None,414.0
118.18326290595081,261.833596146745,45.93974248412803,46.01307102782894,7.358016049256809,11.716996560284045,0.8984805944841434,SW,32.61934351923047,78.03962204619248,45.067265880974915,Very High,Medium,25.0
73.97253709178526,54.126268782177156,53.25301530106383,92.45805558015479,1.834240989555528,125.79083293205612,7.30177618766619,,8.368286482656506,79.87396842238152,34.158928153146654,Low,None,313.0
83.62397850380664,294.79055295918306,13.519312837898836,,2.1285711173937747,,4.710199199370689,S,6.143259616704064,83.51479807681245,41.20858632170503,Medium,Low,490.0
118.90155049046436,56.71496568082226,85.36618389730052,36.63889669061759,5.2986084511947915,19.77127390174372,4.502569227648342,N,11.160352053080835,52.72552777536204,18.452199933413315,High,High,376.0
35.05063425873822,84.15952068589853,7.629054368804415,,,115.07314636120769,,SE,0.33499210055086603,36.85796267727213,42.58765046080106,High,None,15.0
170.66575677279582,263.44396085087334,137.29612849935108,87.09618445346278,6.510822409820845,31.111755178916408,12.107369103973987,S,13.156899907243506,45.678365823933404,41.82233441655896,Medium,None,353.0
124.55556091414223,114.05459608546141,85.89271789334043,81.35976476547448,4.993866278004606,35.99154606772876,,SE,20.42027619683219,69.27142795363653,40.886874042532945,High,,298.0
114.37496752613399,43.865579710279874,127.22106087515574,29.485539997168573,8.37944809300464,95.08205598409839,13.361444140025904,SW,-2.1795971039618767,33.97388515883097,31.065716963788454,Very High,None,462.0
87.67932058857046,292.38866059579817,26.657270104094287,64.98546465922678,2.5340567473181763,104.95308817321494,0.5511398216917707,W,-3.0014382954504226,68.45612957024974,12.429011829672692,Low,High,215.0
72.53816273117285,111.70426027156049,118.25180569088123,63.76976548646065,6.015287965656216,150.76788326937032,,W,17.502141428367022,35.686522292209816,44.7844012333836,Low,Medium,46.0
82.33066536894262,65.90321967043467,123.6728091111506,96.86801802459887,1.944461757828531,84.9777595861835,3.507831217359951,SW,26.78173059451684,32.20073745339708,5.017360566161106,Medium,High,150.0
198.61643303002032,216.33459233877275,74.12522542516464,95.61571055726394,7.829077119997013,128.19144768630582,9.697346827875217,NW,18.789811407898203,75.25030453372543,28.67989729407523,High,Medium,0.0
101.90946428898567,146.31327297670043,68.70023130425565,94.68540946252352,2.0684223495124043,85.68171539243399,1.9022386013401777,SE,9.306122237991396,38.94992871769247,2.546360901658773,Very High,High,
103.1546090118858,130.24659654163565,104.05452413668192,76.55533330329979,2.708653339435585,94.29255088952911,0.3306690246452604,W,32.412448360745344,,32.75447119945667,Medium,Medium,318.0
55.30747290061521,70.38194525676504,63.868486109111316,15.479303832198616,4.3318911615198505,152.63806015777297,6.14379737402005,E,18.55362081231145,48.30777462233553,24.88794069720173,Low,Medium,110.0
97.41638397256077,283.0549210082371,121.96928721898738,75.61569544043745,5.085042313689286,90.0500411874944,14.519533274942631,W,17.98122289727843,63.814181798631544,2.010412441322673,Medium,Medium,376.0
171.73364220331962,140.89516023834594,13.927542067893842,40.19133704651286,1.3632136466603972,43.27132118361977,6.626004656749501,N,0.18640770105028626,82.64685962574413,18.35467609216124,Medium,High,431.0
55.464329684402074,270.6351549123865,23.87233651268866,32.35479329320216,5.593609056430203,179.36694198334746,6.38738737122244,,8.897497629355806,30.95016645278824,38.53563067964104,Medium,None,
191.81276826948817,173.69690140603507,147.48320345713492,57.39844217775711,8.720310201287196,146.94793341851937,6.419377746733229,N,19.79646188130916,56.90646403233949,31.64861174589728,High,High,381.0
123.99342606331174,127.82745075378101,,26.437463339528172,2.9004250481893368,189.109653685336,12.714622268009064,W,19.04881642031963,40.307510295799986,24.82637520733953,Medium,High,249.0
190.72988162816094,182.8058628379796,118.953082494855,64.68107613709344,5.619325328870303,,5.704984384433212,SE,3.256365060963633,94.92543603923627,1.5696828238895455,High,Low,306.0
76.59216472136315,110.81891149543301,120.91679062425887,93.34646084775176,0.3784383862062525,133.02956295963241,13.824776798751527,SW,11.574921345621533,79.6192819509287,30.566960481467216,Low,Low,0.0
103.767027478563,51.982568822143755,64.15670764053053,28.424664307239595,9.381909726238,132.04777978645444,4.7087158255636465,SE,24.046784487510795,63.984181800427365,30.410277956290553,Very High,Low,276.0
144.74026400240484,205.2578897916085,82.50134478790122,10.76937657619697,8.390739540275785,153.06225340879607,4.151891124259226,NW,13.10232441039804,79.72556559805074,38.820432069931215,Very High,Medium,329.0
148.8902001415058,187.16674289781847,66.5737785450567,78.09586743364633,9.970798254563393,46.62164744070687,3.067981460475746,NE,10.284105818598954,52.366562535500165,27.948387592831587,High,Medium,102.0
41.5592694153917,163.02119606564258,43.38432010545188,98.81432563815811,4.528188453914711,38.40645019714125,9.864457049297426,S,5.442344546586856,30.53853600483073,,High,Low,
77.89046354844068,292.4537774846785,60.53448883339049,67.03538673257086,4.781416248446974,59.955683865350714,5.1054420329912755,E,2.795926682623877,41.04017516619054,47.55405099610593,High,Medium,477.0
151.4136025373273,59.43843866785533,52.00139929837913,65.238994816256,5.628250822421759,163.85937345477015,5.22066921510641,S,4.0458704548655575,25.17852218662189,8.832762347715756,Low,High,263.0
47.15462664633688,134.36107348022944,28.29644877982818,13.567287978239081,8.042165142184134,10.769482419858681,8.515778591520409,NE,1.6324485275651668,69.14728818636365,14.310885743598313,Very High,Low,201.0
63.124795495216915,105.50446906325176,133.16535057429977,19.35719095378592,3.7136813298016804,134.21066198170925,1.2464719877607262,S,32.0728627912382,29.991387210325293,16.60031900969009,High,Medium,335.0
182.05619085738846,198.45330032502883,117.28872163858316,78.30795492119532,1.827227538122032,25.480366133010854,5.689865935761124,W,23.932238735240823,89.17070870597394,,Low,Medium,469.0
31.13892811865465,178.48782185813172,68.77783111823007,24.278572813864983,8.710694790054832,174.6862277812133,8.546542809514726,E,10.530991357987212,94.99565420772824,7.149965855464235,Very High,Low,95.0
55.126503299399396,261.3525065044224,13.218055411728418,83.91350271802918,2.5660209214354186,76.27807630396472,6.108026953846316,NE,14.147964900524315,63.74503467383154,43.44259361328164,High,Medium,182.0
64.63807153721882,232.5500507331268,93.22325557745488,99.29771825302723,6.263046863032288,177.27798692163032,6.062788945605454,NW,22.455777799289777,63.13474564004893,27.7125021589742,Low,Low,291.0
144.03497357095497,262.3593302304193,11.59748152301319,20.674397621995766,6.399579438804342,155.79976762258704,5.208821752581784,W,17.79679616908067,66.14039409870301,28.162900946716423,Low,Low,375.0
121.72075545661616,183.12930052579145,42.89821475145105,29.59857309362071,2.563020041757843,143.3613496280467,10.161960265516678,S,34.048235207382255,94.65686663396814,46.188874286018816,Very High,Low,
85.96538969356756,164.02580699899863,36.63345730899737,84.96086021100469,3.8763653828890785,32.85367752489744,12.335211452675827,NE,23.244490868659856,63.84492132564924,15.849815756510594,Low,None,61.0
138.44965925978278,191.96003889819278,11.565013529763299,43.17417285816572,6.968204533426438,119.57564250157573,2.0563344232942855,E,,54.308720686705,16.503447240198682,Low,Medium,195.0
69.54565091308102,126.75605736372336,43.23299479058913,52.72494178712578,0.38496715616101285,78.49015392911004,0.9052749110416997,S,,28.70959347555158,45.25536713295754,Very High,None,415.0
189.23665265989217,294.8579276714922,131.5754486436076,7.5200506577639,6.429197086744848,96.11268891663786,7.593648811526243,,23.713175069178277,24.366951429552227,38.341002876251345,High,High,325.0
189.3214256433856,292.40019470687304,80.50929875135242,23.26049630115023,1.9239653412904156,,10.068502133521427,NE,21.61947125358217,62.989053531074184,10.008709468848798,High,Medium,279.0
119.79263132420343,234.56360793907336,14.306850721965635,37.788918683673806,5.680199704240537,22.73604953930706,7.507577129294113,NE,31.211778681090074,34.67668941262976,41.10109796436444,Medium,High,277.0
129.93735595158356,85.41332419988683,28.124660731747838,6.2421726832344415,6.062443187470631,170.78785352088514,3.338270331521973,NW,27.528651528785574,72.83877410864665,40.56366104804386,Low,Medium,101.0
65.42948427091719,198.85613222853976,59.333422301449396,30.94270578396681,4.639501725245489,196.63017719730794,9.197367806973135,SE,11.025962485802921,39.24924123867769,40.025267069289065,Medium,High,218.0
74.83522833319036,221.14882717022894,70.33435620888422,2.1609792468355975,4.547855719892546,82.18520812704372,4.898584869204781,NE,30.321848325049494,87.52512646981653,0.9951373470559188,High,High,163.0
15.488299124305911,100.98195832177207,36.88988336916783,66.87177175759972,,158.14981670876483,0.5242091296411866,SW,18.645997879006696,82.60320981811341,,Very High,Medium,231.0
,173.6626480737643,80.7269774349389,74.8220023408805,7.088182168964282,27.7412095514216,5.17434754402339,NW,17.969888621360795,78.55958670744897,10.004414138067514,Very High,None,194.0
52.55721107183754,24.45070369885022,76.92497147767413,4.600263737868256,2.314617695556319,17.477987845135154,13.590409278548808,SE,26.260029998289085,44.108883952113935,47.01425099880776,Low,High,139.0
183.29196449515325,209.6843789152704,85.56419667812513,93.32743468784307,2.9573757064801276,29.417540377190353,12.66990695032032,W,21.575674125806614,86.13582474294466,26.173778898169147,Low,High,144.0
90.88530008676862,125.38221342814154,32.73763335589361,50.23274798722761,4.718530248301416,80.19109403996531,11.829882566922155,NW,20.88340001427177,90.07906359928799,20.35603157482264,Low,Medium,22.0
187.07276240386656,,54.32308025233122,7.861108071578609,7.686301076941927,130.10123725847748,12.86098268493734,N,-2.994614252927299,63.309975292021214,16.05564774337967,Very High,High,428.0
171.1898913230268,270.47323928188655,127.54853754661002,32.920420932011766,5.787829667110562,121.58217449626936,6.254594962302102,E,10.682154975985299,33.233758055912844,47.400987895726345,Very High,Medium,184.0
121.32487526603825,231.19835657138825,44.642064494725005,85.18842516119295,0.32494842316947653,174.37404460735644,2.2688153568688154,SW,-4.970762922439298,55.03375642185437,17.204106282043476,Very High,Medium,434.0
174.92125978880532,215.4577250417104,41.29905382699602,33.1347635373324,6.593073814448933,60.21858846279232,3.267190405869949,W,21.43701022145676,66.71905080660804,21.76464381632819,High,Medium,302.0
184.9791334711985,,87.13082602066578,15.601934078996607,7.009890526167626,39.52499412371935,0.22940001065974214,E,7.9580263715249,47.84220337335397,1.8181896692584965,Medium,High,125.0
114.50314031451953,169.42800931795404,43.748263962165574,16.802909812988318,5.8753955362417205,136.96394430875415,8.86721041706192,N,30.395572883355072,34.47810827082988,22.16547110039673,High,High,386.0
198.18581844952908,147.75264205995953,47.30216158983129,78.0019647524761,8.822645508966431,177.68675633559113,6.668632975231209,SE,32.85857294182681,60.63607814042745,13.516622464741824,High,None,179.0
71.83515458060573,141.24049897825049,16.159781161144508,93.27069568811282,4.079258663286516,174.45109246829122,7.289050990684343,NE,31.7077947664867,57.920451993765866,14.950919972162573,,High,109.0
57.7641119194183,278.8703603330909,126.23012363015981,81.93870578427715,9.205938991162997,,1.885885434478639,N,10.796054219332248,39.904063512193545,39.999039672166,Low,None,299.0
36.23881369250098,113.0096000786048,62.47323432774671,56.143779885987264,9.549861644676424,126.77346823829936,10.191142308273188,NW,4.265590881598138,85.24763388147045,15.91749902439309,Low,Medium,109.0
90.98093374380716,219.41702134204664,132.26632601238407,56.721911042936995,7.581705216141177,12.523705373376245,12.680362168192366,N,0.15816380351021841,75.39393442994174,30.545412306498132,High,,166.0
102.34567247372726,115.3546002952235,14.243401650972102,88.83123862211438,9.443811087412232,117.7240240081447,0.1040640576992552,,4.054323751472321,39.278171758457894,7.7933167094865805,Low,Medium,439.0
32.505236120519555,264.64402703637757,102.89660807742091,46.572139011603895,4.890288535832112,78.87689181222682,12.459922895019622,SW,8.856467119651455,20.95665782504626,47.988600196635474,Medium,Medium,86.0
34.80998873729922,228.67737060196558,116.76532241233939,88.1535362318001,6.596452740761183,182.40131073771778,14.34177142662924,N,32.67041869734462,42.74813619917336,19.112895283888022,High,None,34.0
16.615829725302905,127.44181325105859,143.1800329876032,4.459438533701794,2.506119182871807,159.9663805317361,6.900159324658832,NE,-0.3886806475501503,,47.52452195708622,Very High,Medium,175.0
9.612072871931792,296.9746176218913,65.88193004599684,10.09158741440493,6.923621838502969,50.67055704227195,4.628971980573095,E,29.08086282485806,39.08887309451933,41.88509073210362,Medium,Medium,281.0
149.84005692478453,85.76143653355524,36.88802802861059,59.048803808971485,9.636195766568473,14.134001024689159,14.931335099339847,S,3.613555055361509,79.17275188681641,13.827560531824412,Low,,373.0
85.74897683136943,15.996568537148192,60.91258883600688,83.39052715715822,,40.800044478782084,4.2130768805908625,SW,18.602725386771482,81.28264745441305,21.62617223125186,High,None,35.0
163.08738401258282,131.58419893452185,97.02526809743895,22.086501379780437,5.936369362773727,154.54996280963437,7.641689190617367,S,12.409632638421435,27.199617959017107,37.556825172743615,Very High,High,252.0
90.94333372516347,142.9968246516588,10.675621251247762,59.83638115111325,3.7476880149816614,34.62348494336298,10.522035576355114,SW,1.5563476127019449,,16.869291988755432,High,None,474.0
169.70885085973543,32.334971778748304,136.49947665048387,2.9689193096785367,8.73981298367978,10.004241570188984,7.455581184185489,S,-2.6788951258151794,84.89735694425481,49.20537529707813,High,None,391.0
141.1666663088425,149.78623097236127,34.971741053471405,50.742430613330264,8.311233912350412,164.80976504607355,13.100301121224133,W,7.753726307589673,36.213161521480615,49.489824957506535,Very High,,322.0
32.36887636306975,173.5753418332882,133.40573903400625,27.6130231715808,6.166305219819274,70.49679347684364,9.236822720920054,SE,-4.883445643684072,69.07865267863875,7.506425632010116,Low,Low,469.0
47.58273269716311,126.3978620427697,51.919172885695886,7.694160396806481,,86.95150814767689,11.79172645889806,NE,18.205628054488106,29.675682266487232,16.240841588850152,Low,Medium,369.0
12.5434326423878,139.14837102891377,110.7646102911844,64.6412013773808,8.652775524437079,178.1535681656487,9.47073933762448,S,34.609376392979,94.82335085760961,21.781788535368396,Low,,24.0
106.08088325432986,104.36820666895849,58.25271201184364,84.0037179279904,6.448930564684089,123.46906055700236,1.7359105161250088,W,26.74758983346922,73.3836930794928,33.52932472241113,Very High,Medium,282.0
126.30339425905903,203.5027279202193,48.81308764214498,18.224634814665222,7.7116730921518375,172.28714329030402,11.707323955161215,NW,29.636554738037844,54.838990088708684,13.774997975204906,,Low,335.0
35.70684248392973,52.492680597072706,81.19476799731167,46.49311048774385,9.55860172405086,19.303818442350114,11.247274176387615,S,18.130758800564983,32.86393123907551,37.393612818100365,Low,Medium,136.0
110.46757917939418,64.63087599658077,136.15013522340033,40.300800604429604,5.047569672317627,69.07192855349341,6.136930081226391,W,12.057185047579864,53.52830615273014,,Medium,High,10.0
173.23236297977897,199.2914361365306,,7.839938451352598,,127.77884754795292,5.552466099703709,NE,28.98070931385525,34.273606082879866,33.28792696399919,,Low,241.0
177.40016181982392,150.1885505506712,90.65353702058844,13.473270226247994,1.2301823559986795,,11.071803970305263,NE,7.5089956165071605,30.773200994474607,8.814895318395449,Low,High,
,285.8667212691901,110.96785072172288,60.99578118973903,0.3650325296437369,155.01164711595013,4.635248414870212,SE,5.46467685137082,52.755558873242094,6.928870058851155,Very High,Medium,6.0
73.98257383555317,176.07083181907606,147.66675693450273,12.546047909231584,,19.622005978343665,,SW,3.9479321369220255,59.82944289246924,14.821111292439321,Very High,None,460.0
59.19338230356403,146.8760738242947,126.85880657224656,25.072734666787053,3.0225504928746147,61.49991970216223,12.316291894163394,E,24.61485060213864,79.10056143844051,,Very High,None,338.0
142.99052001414515,133.79372564917918,,81.9142259771608,0.862980831122305,122.5480025386741,10.160103369308423,SE,13.28587494025846,57.325334433483135,6.982085938481397,Low,Low,478.0
51.13585927921142,172.924226651941,63.732237340317134,80.00827243774577,2.2791383021296565,47.91326838496117,2.892373520096812,E,8.418800282010356,90.13772292867759,12.39446284269311,High,None,475.0
76.09873436378079,32.98809142385775,13.57697822943486,8.134167134620295,5.859458062232094,153.0688482931338,9.915616131346097,NW,1.9165223976439805,56.96679539652248,49.24278898334606,Low,High,419.0
125.8799099854235,233.42719105754938,13.80040822820873,71.37047284041586,2.503589386956971,70.90701743136478,4.12966837495051,S,21.188839698192766,66.96868426070091,35.44663452295667,Medium,Low,278.0
42.89720061926747,269.45467094290177,62.392915261523314,23.579180471529803,4.484803712041297,147.67592240861606,6.619557958637111,S,16.871531409115292,83.81995048400444,,Low,High,155.0
72.4929604346372,158.64670741973882,56.40096129937545,97.75475237028303,7.12096751219501,194.1447113683365,14.190158192637549,W,11.174500221019716,71.10654731740476,33.507990455415865,Medium,Low,130.0
175.89155323505904,296.67461804048116,71.02590167117735,37.16194745207894,9.466680821692774,140.66805022337078,12.048906778276525,NE,20.121834892707476,59.01366201714622,9.312702137015732,Very High,None,159.0
32.567727703284575,32.63231017996511,139.18890859573114,69.49300691574963,8.692496247763515,33.20246017594026,0.8463050036141267,W,26.97843273776186,45.087795188532965,46.76072349100978,Low,None,496.0
71.20817413739718,191.5505728553317,49.97874490782844,98.00270661652127,5.0838468433232,16.203729394761865,10.273945212333606,,4.06812947060525,32.52364807986005,49.21387273338872,Low,Low,202.0
134.72030432837164,251.79238987436733,94.09090031718141,41.441876140251985,5.607628956107872,14.693368356281596,0.4134636246337886,S,25.408644369689316,38.45905210770106,6.379237375021502,Medium,Medium,292.0
121.08499170951086,114.70041099214063,148.74618346112834,11.533725291336678,1.7399889836240594,153.50519155602055,5.687335341286251,W,-2.4514370175295896,23.93799471606951,2.796069382439881,High,None,215.0
27.949769936759754,168.9406700013866,91.23090736046143,74.21425358137562,7.973007320184094,115.90602190798391,9.094127917528503,W,24.2287697150285,82.26542035791586,1.2815184949011682,Very High,High,376.0
,29.920462993641806,59.501329625685514,65.96489673150896,,151.28447613307338,10.591949481018286,E,6.068298672555446,57.36820733088762,40.25274129516447,Medium,Medium,77.0
20.983182257995544,239.68022691764935,113.20183194571135,,8.616300296064338,113.48876348937495,1.0817350095517464,SE,16.16375705045901,66.18941949592748,40.265397399398154,High,None,52.0
32.079108323073235,177.90141471040033,50.473857463157515,8.000418976997436,4.025956464737872,109.24240205242396,10.86868298622394,SW,18.25002778772855,78.89910686223446,48.860796084890694,Low,Low,356.0
13.40413066042546,58.7334121028601,41.34056316437652,42.82971197943833,1.2072345166383847,,5.5628094022209105,SW,31.850165994370386,42.18856626591728,13.707923200337746,Very High,None,253.0
178.81883342710412,90.38098458311046,91.24403593597837,66.58420628909029,7.230547511770263,198.99479519341,7.157012275545577,W,17.60338340315224,62.94243619309753,18.44077108018718,High,,293.0
62.58846912398905,13.788334699268992,148.72329943811158,,6.748169275981017,95.10320320434904,10.823431379186212,S,11.971446109089044,82.171132542723,12.479582640885878,High,Medium,395.0
67.85329635977672,109.53046392018551,106.06841279655686,49.95285919682828,9.553470789874098,192.38867504658757,13.691412660221088,SE,30.49552816208481,,7.142807187195083,Low,Medium,156.0
129.35374360738996,67.3563285998466,80.66178980019968,90.04832704452735,2.4907570111417257,,12.222643044194246,NE,19.465271592710167,21.876580222691253,14.854274494046365,Low,Low,117.0
31.76101671616148,195.86954246980295,67.66547282671954,18.067929310199588,8.236208161482198,187.44390705446187,6.6103799403736225,NE,0.42004977582790204,28.050353801805983,0.8257294597768916,High,Medium,24.0
148.63685806680684,134.97106304300485,9.825216231806454,27.046536838270967,4.2973906473530965,91.16052786911379,,S,16.82857511645849,91.98378008303877,2.3224812979832086,Low,Medium,190.0
22.06240091703841,104.18087236017456,68.96338491407926,28.483160204020486,3.4769133778392844,,2.3181195020590692,E,-0.23244370465651532,63.03522749859987,44.28076712714773,Medium,High,
137.71696822127015,167.66469217505147,42.78911098127987,81.43187149873945,8.987934513769648,138.23959442224776,9.115127046344133,E,16.233760476551215,35.99683829524747,48.03976083285479,High,Low,130.0
78.64849967574948,128.0525746887701,105.04760536574105,3.500046181115767,6.153383957331434,37.64627014893337,,W,5.678325307036193,49.108878387451114,42.570456139911904,High,Low,210.0
80.47353044334561,193.2318020120007,106.3393741040443,,,119.22557882420162,4.0864737631066745,S,18.21509433083589,88.6054741060535,,Very High,High,468.0
192.91641605749143,263.82036030475825,11.87513090225951,59.80360510504785,2.6497148479369654,105.59662038042246,11.14976622945806,S,23.02866448898618,56.574235875218925,49.20203766961108,Medium,Medium,167.0
196.46752843515543,137.48708439613014,75.55269450851134,88.31497636076055,,152.65472552979577,12.514225055110876,S,33.108489220054906,25.340662005795043,19.42270735598901,Medium,Low,270.0
160.41279780545764,197.81252592805484,141.60341974053716,6.765532018344795,6.159351348279849,82.52621949742014,,NW,9.388063289215868,23.304330579848408,49.26004474259136,Medium,None,491.0
26.417129735390795,244.04791940152873,104.65075079317106,24.99397859463365,3.556700230916399,103.72628823097538,7.26141007747703,W,16.683116813955778,41.7676497171676,18.285987864178516,Medium,,141.0
112.20305602924918,223.00696379851973,82.66338680216907,66.85832824418344,5.465891500211,176.86104193834916,2.40446296417688,N,1.315187802403508,73.13914467456661,29.695155219605486,Medium,High,394.0
119.46274728336714,142.12278391859093,147.25033860572069,5.988228959333202,0.6030439584203919,158.63731981856813,12.983437754846127,NE,,71.25345962241562,42.37552604876112,Very High,None,101.0
179.13439557477,66.32850400119273,134.9570662931087,56.561550681377575,2.613449454751262,191.13543761654546,8.056271990712016,W,8.600845386957836,71.3824457874868,14.762674728075798,,Medium,2.0
156.79017359071847,128.29703565208365,102.87354712686566,6.572068683229256,7.263638281848529,112.4390114192772,4.877895133659365,W,9.963371094258804,73.76676151946242,,High,None,0.0
128.64376223345113,295.4903447261718,,7.930324443493193,9.127907814318116,66.37732655749483,10.084134660753662,SW,7.364261412802385,83.05379150236035,18.25574473063179,Low,Medium,102.0
52.19065651495821,250.17585114846463,72.73848319969481,65.87292167850387,5.740413500993545,55.940007288089575,5.46479778731201,SE,8.867412792762623,32.92110757428606,48.906926920489866,Very High,Medium,177.0
57.305345782550255,266.9308954758631,126.14029727490248,54.9064504984745,5.0570766374126555,180.58160079931108,6.673951108768614,W,21.12304764967773,82.23792304454962,11.433898434045393,Low,Low,234.0
29.725698716709896,134.77914823330752,79.96141849795083,,9.721647294318831,24.29766237067747,13.692950998861635,W,33.322485508786876,56.00611864945888,1.3268788675785737,High,High,325.0
190.11992151744542,133.25989341345144,39.93772923269054,,7.963402329036362,76.9221414547866,10.346705140733583,,12.667805810260113,93.51990686977445,26.611142386432334,Low,Medium,455.0
151.07802140642062,153.62684219627872,95.43117516256343,15.105267127426508,8.832794256298122,131.6506495361702,2.8497469400454145,SE,6.450132098955468,68.2707236481578,8.377757309837369,Medium,Low,468.0
40.27656868904368,112.59134689213496,6.360243680686883,91.39894256310063,9.572525721713161,,1.1334600708943414,SE,0.7764059669220913,87.69142054002057,15.958678260934295,Very High,Low,321.0
156.8084745555724,156.9103945709768,145.22106406782046,37.20177211552636,4.672664471454328,,6.872995739083063,NW,-4.165076593538379,58.080237807751246,46.655761735038034,Medium,Medium,74.0
64.31890702715202,113.83914585667418,25.717519850683264,,1.089684116812191,29.04304268285852,4.653214966349822,,29.904685246464105,87.25793027401127,49.07761721412978,Very High,Medium,168.0
121.997595326229,218.7680487734762,60.7579053597959,21.87773181876239,1.650628793428259,87.61285299525503,8.907114575707343,E,13.553454707046868,40.35106722093418,4.531303868889486,Very High,None,
68.61738685845813,59.91278025959174,20.06365368271299,24.651508917225645,5.561574712004154,63.84972390088961,6.518847540882959,S,2.3282060028787166,66.45225241962589,48.174330802044686,Low,High,201.0
182.6791746085468,28.452353906410433,53.951556457792535,15.851428570490203,1.7073511027784258,88.89092940704232,12.055897503365088,E,4.274747782565447,71.32041779701811,22.808421094812953,Medium,Medium,388.0
74.89537484456346,196.5328744828597,107.57160694617144,71.39007552628156,7.707475322746224,39.69398437061018,10.657105305289466,NW,30.772135184355143,40.63645874830567,11.30106773088827,Low,None,352.0
192.61374843079867,44.704366761827714,,52.064756242593596,0.37336007099057755,133.9824484926267,0.013566206575605366,SE,26.639247470826874,34.44380988424827,5.569063275488162,Very High,High,436.0
22.58356662156986,49.58820715608475,69.57226674641478,64.78458625504959,6.422205279829744,152.95819050459676,,,30.47752939661374,21.00501083471786,4.683501507767835,,None,358.0
177.60443367499377,274.50304245497875,34.82877474780919,93.50265395031717,9.330409475228869,73.8915403522149,11.245525777423735,E,25.406587161234167,35.23151337301028,32.12313295238942,Low,None,332.0
40.01640877835706,48.102466007731316,112.42184362822219,31.123309537709197,6.2868794857286066,84.98144596575231,1.0603836336525236,N,4.984751018776571,72.39802285645959,26.165268209489867,Low,None,196.0
155.31540222846684,282.61568993471377,39.964111400116806,35.259596114160885,5.6402633982086074,158.3513641185879,12.615811588920685,W,9.69886694157967,42.67704138791699,19.819475492638865,Medium,High,21.0
31.965448196556125,195.49120168879637,72.77449026017487,25.945223909228307,2.7799703129134934,186.01981969096002,14.991143303918008,SE,26.416086440958033,66.72761393668492,32.454379143083735,High,None,103.0
146.93163786596915,179.13279844722211,43.37593479027229,34.557005917790086,3.053058016646824,116.54241009616143,5.256841937680388,SW,7.471403373298076,40.15382884789155,6.650545513571232,Low,High,452.0
51.49516038999442,,85.16642286659739,16.890940437957507,5.007987059672625,98.5831891250837,1.0675391967146481,NE,28.131584332295,29.68288119575834,18.217302314216237,Very High,Medium,226.0
13.078687476200756,292.4795062861937,32.210303544579986,56.73220092840743,1.7759886634625823,58.80638649095319,8.04474538445175,SW,11.879290418076941,73.19269159655545,34.17268753148257,Very High,None,110.0
35.98768426295763,111.2666139696545,115.79388578693683,40.651166204841275,5.216572485215371,47.05144518242055,3.1812037299962723,SW,17.058449990833036,93.85669888475609,42.18830961707833,Very High,None,
164.24109942630798,261.75394815918594,62.80343275056661,,9.463200942558908,189.20971700656335,1.9301209827712769,E,-2.9924343797553776,55.62828971564636,24.887086404904224,Low,Low,220.0
153.08597689514008,188.76857577060892,75.74859642736554,53.33011267312976,0.8072077026387103,43.35464898922033,6.1889775830655145,,11.404509209937245,91.64728394897263,,Very High,Medium,407.0
117.46714380334741,52.70654579642291,85.79027737527663,94.20582568624702,3.8559410168173844,136.7600687964109,5.341246102229102,W,27.53021357546205,37.35603482149415,12.323794361693801,Low,,21.0
109.37373366000323,38.498562007090875,124.31562347553147,50.982123536831914,8.05208895138918,83.28823951555373,13.710073900311913,N,32.006814452454364,20.256041936162273,3.3892268581384055,High,High,481.0
14.239221912886114,21.11169470077664,90.20506103520168,95.45674971185832,9.721509067830828,74.14254342204475,5.554953066408984,SW,29.487989634376298,83.47792678148093,13.832803891482094,Low,High,466.0
73.89044308934467,177.37804382971518,98.93067444265421,95.24383978718593,2.5552234078364853,126.33289935104132,5.026137496664599,SE,26.296552892218443,93.38504453940996,43.885324804693205,Low,Medium,2.0
181.1123689833722,89.50112133691033,28.63187970049658,97.67599789496703,6.224970768781841,62.024819507740894,6.893714639474189,SW,1.1138878102601968,40.10921260034192,33.250151776707106,Very High,High,369.0
85.27599319580999,231.38680337432282,130.35002862491353,,1.1546280675979583,116.93744597218274,8.092281829207518,NE,14.146959536078647,76.13373658023599,32.6541149035135,High,,99.0
133.03713691227364,162.60353421149327,53.908653395449676,93.97754569984029,3.3553462880756286,103.35066769136648,10.147235143228977,N,-4.731572505070822,55.682563609143926,27.097267024821758,High,Medium,314.0
111.88650687781389,37.46872207776737,138.65593639601113,5.910221302319639,3.7726703068844634,93.08572807918966,8.225260666940727,NE,22.64439586403246,36.74652522233952,47.66259546952803,Medium,Medium,227.0
182.89314628557335,264.90368242430634,123.81974233890614,3.556346588730648,5.025025320574785,151.66731471915526,3.9143004432530266,,22.534720836624956,32.209752412716014,24.36039973831986,High,Medium,477.0
,264.8911439015521,117.5892758301566,93.50416877821884,5.190304742562384,,13.353224577269245,E,9.454338123764057,22.1109299465263,6.0384100306768715,Medium,Medium,309.0
92.60218422361318,214.996106977789,73.94894356104906,95.44367509394624,0.708729695473585,174.48349394162025,7.096875271862543,,1.68008735079753,73.06462043526425,15.19944021459948,,Medium,227.0
43.741723075339976,99.02361462027814,21.13043281874646,54.5439632301658,9.065979492964425,121.95155377332924,5.4027398517526235,S,2.605748283538487,41.80232736636772,34.466891773273744,Medium,Low,363.0
120.17800128417727,152.71559184655547,84.70808101066983,90.64474211797886,9.90643171843384,164.25495204866806,3.7322255919088287,W,21.979376252765856,21.160924075984088,18.14911015096852,Low,None,219.0
80.77699676344415,191.31195786947896,54.17736626209367,72.41400362592552,1.3530399589390556,175.25009771617235,0.5930374275224826,NE,30.759013549288184,34.384955391849886,33.25618161346825,Very High,None,21.0
126.46678807704822,231.69674805722957,122.59001060459059,9.668125276519985,1.801262811209456,174.93697402923817,13.611200879005366,S,21.95804836406173,33.39042167458648,0.617561651019799,Medium,None,269.0
18.909375879445566,187.44304514814203,90.658848638601,64.31901179692392,2.6975098435707068,169.369994495693,5.922677108524324,SE,13.653249193676267,22.785165953847365,36.2172188027186,High,Medium,254.0
7.689846055553728,10.194084677193777,34.130459599514,9.735886846730043,6.7955073231741885,130.31674679581522,2.5865143404132303,N,-1.2772044097347823,44.018782195224475,46.4213992060955,Very High,None,198.0
67.51048451365199,136.91088688993005,143.5403119031582,49.15579711585516,5.018022140828088,165.79920744880013,,W,20.726160316771725,38.4864515779725,2.8171238729217176,,Low,475.0
37.03903658958027,286.91860470362553,50.249062152057604,59.182411008059354,0.3534941849359584,99.46423867341433,6.913686844060671,S,24.299401381208888,28.312049513556484,6.69061958988072,,High,273.0
29.901385748287087,178.07813759897618,44.8876176751347,46.27855942444777,0.4801796540319294,158.9963820257968,12.509405477180746,N,25.56514144708707,65.62195722426739,9.262076910877004,Low,,307.0
151.99946534850693,23.081449976410827,95.00600191480092,75.24934574603562,6.696930600997464,40.11243200466281,,SE,13.868221463620305,88.01855208779115,36.46776602503501,High,Low,330.0
197.15033947214985,197.24998410312276,7.215504970913516,69.65286820930845,7.95964839190388,184.22975856364872,8.818154310230035,SE,18.621982818465273,76.61980621285248,46.90588062422367,Low,None,449.0
69.2172178921471,244.8938727360157,100.12687436197864,99.1307622327394,,50.649753454207435,,E,,35.27390087768681,10.55722710279608,High,Low,287.0
,289.79088580608135,71.63183078896003,94.18842142274237,6.00959151598477,53.97872118393506,13.896540471759785,E,0.5837935458279064,55.5116762649759,23.152636902047153,High,,228.0
84.4515676544857,241.30381017316174,116.17891217758512,14.086199335037774,2.8370160820724246,44.26671971673393,5.088888069585985,W,30.893239012412835,27.633898598053364,5.76184846812734,Medium,None,150.0
184.34975113085815,241.27928985752646,15.68054599175882,,,147.0378757510763,0.7043127201814425,N,24.01078536499331,76.17952069841883,37.17690861560977,High,Medium,233.0
7.895825180278277,67.0987596460919,29.763689702693387,22.318440295401157,9.453360414803432,56.237039705282754,2.5427750223091463,,21.678795269607964,41.62423341990231,44.23496581972054,Low,Low,362.0
126.44976461284855,,80.7793965688074,44.26988830079882,3.3096751550603853,125.27483901934839,7.912503636064853,NW,7.4538706147946865,79.18244494025507,8.817388032082945,High,Medium,83.0
117.4284332019504,214.85841516327184,69.56909496012267,85.90149995652979,0.28603853454706174,78.26003815861279,1.8181050613767828,W,-1.377256600690262,40.44554622197319,49.438902067757176,Very High,High,469.0
145.97642424202374,,38.60035618184952,,9.96761579660775,70.19575918667745,5.29094996963274,SE,16.681957742488606,85.99945370142524,28.389584845151468,High,High,255.0
18.572670082208617,50.564124957978656,96.13000085425709,27.292647873655667,1.843389598217224,21.279682612245267,9.628861650084907,S,5.936933693952756,67.83784057909887,2.5165354112069824,Low,Low,173.0
,93.71393885497152,102.08921971980281,23.185105029336533,,,3.839038823645187,S,15.720060792694532,77.32029522722681,48.12947640855138,High,Medium,99.0
126.13927552752494,55.56419042966328,10.452143075823004,30.0601157970385,3.205446334839665,30.56205592509784,10.506825265629402,NE,12.988444815882527,78.18805211872967,28.853142033520463,Low,Medium,143.0
53.40821100593922,203.65341257632429,142.02716953720028,90.0426641137593,9.835343625421515,46.7062347382956,11.575382309488148,S,31.061339255304986,50.205940913871075,35.593109669990945,Very High,Low,270.0
154.71158898942517,131.96656372631526,33.63759986071578,67.56610016289028,6.670213572784732,63.2350758238241,3.8499959296751536,NE,13.97028786016358,24.906494728186516,39.69363211212919,High,Medium,
179.03603351142485,33.830590353877334,48.90322669650796,73.78869186778465,2.5047001463254386,90.44392799503166,14.881105453903313,S,13.354936794936776,23.16532660249355,45.850055684388856,High,None,122.0
164.8306343972293,31.56739003524994,111.30057164474282,25.615330971402933,8.11891392810664,118.0442511575612,4.4346211485634575,N,-4.524177950190245,21.934770161827227,43.95682514404825,Medium,Medium,26.0
138.32699873382157,296.27443176292485,133.04872912516205,37.25568256252269,1.2161505022232153,84.87071379786069,11.502580497899523,S,17.355037153236403,34.12219689763885,26.862904756951945,Medium,Low,449.0
95.43548436846243,38.187469490984995,106.99836454860782,17.235338407115105,8.131117609099901,177.37076294351127,13.903979515158056,S,32.81453083339812,83.45355592326706,9.754486993324656,High,Medium,397.0
163.83702746118217,49.87179957547774,37.340650171394834,28.819627508951633,0.14244436443964276,151.83406002571974,9.923364697133476,W,3.031396215856393,93.16836688758977,25.561612522359113,Medium,None,460.0
180.53001049959977,24.13905731666192,16.848116129124808,84.03005642821783,3.559918729237764,12.419916084338134,13.32794456353258,W,4.7230553111769815,83.39829877113124,20.984650091906932,High,High,384.0
190.18159138720645,158.52923960946566,127.32980686094089,77.42875161188636,2.0548998301150307,,2.972404985590687,N,26.49289247930018,30.803741473809247,26.5093327788079,Very High,High,228.0
177.44587626824728,236.90638971236947,108.7684060097182,24.18848621182999,2.3922315260622433,152.88769089152697,6.9304016833890705,N,21.225309972529725,30.02401442083684,,High,None,271.0
17.316632099448306,247.1711450823793,35.4316515373209,54.49339475287065,6.915305753928651,160.2654433552778,1.3624941726714286,SE,11.87259049277053,74.24754712833351,34.41209874083221,Low,Low,476.0
35.57258806649803,128.31518361416946,57.54166969481483,94.79253141055307,7.163991060575735,86.40386376535609,4.217022139163584,E,3.671784509197913,,,High,Medium,451.0
157.72964195748,222.58889553833745,67.76815382424252,24.511129670815613,2.86305942483315,177.3454778920881,,W,12.438184523366118,60.676480195569525,47.87273491087867,Very High,High,392.0
78.92391052401845,288.3031234660999,58.61964399384176,71.14269451010372,8.486850075359044,72.04961872484122,2.6369713010348415,,30.64998159841408,29.96915525293379,23.085800936739986,Low,Low,74.0
58.41715683197146,247.90724506290016,43.978708828495385,63.740824376727204,8.637487658435651,121.00499963266746,10.864922330016197,W,4.635985224034783,87.18771074655733,7.40436851089345,Very High,High,199.0
62.630373037332966,217.44277606926212,91.4029184409824,6.657768376634966,9.003772843992037,151.85689295827822,13.009444113864024,SW,32.88079679678277,,,,Low,346.0
6.185992918339155,233.5356882276835,103.42284487458949,60.65082426481336,9.919095523056786,27.07336125168413,13.424781027010434,NW,,89.77301078911306,15.865282810465697,Medium,High,410.0
153.3769341821792,218.76613394027586,148.37267211074058,18.56166249097356,9.551164914858827,36.13440709986318,3.728692962641711,SE,19.834988405973334,26.590298607376866,7.739786709986962,Very High,Medium,200.0
50.9989464459929,178.88097690393226,131.28182964047767,76.64452365626596,5.632148137781364,100.15535481679962,0.8143936748211689,NE,3.105607433927119,60.07039334734814,12.23284800474857,Very High,Medium,32.0
71.3977399310561,92.73095505465359,88.89703622955146,72.85770006056237,4.5048332407024025,164.347429188902,8.516328031086594,SE,26.81721884242073,39.79972546550189,23.094330841345567,Low,Medium,156.0
38.94427023482724,283.90893197925163,80.47608034488584,,1.908843300075049,18.656446812900057,6.1270252265212815,W,,46.73916557348731,17.824192111261734,Very High,None,461.0
26.862024554231965,50.53264584757015,103.22462692984136,4.52694780140137,7.157679412692318,88.16995933098833,5.94846573546124,E,16.55490215686923,36.4785270528827,32.11198359093597,Very High,Medium,167.0
190.23199002616974,65.33715842552618,116.71294594893912,62.061876421650716,4.672785402008357,141.54776513164586,,N,5.714508964628697,37.49398947454977,32.459419498292306,Very High,Medium,236.0
195.95320927182019,168.39770578206233,91.17422740126692,67.2307921102579,1.7388154382903036,191.62588318048577,6.03886416456211,N,10.568470755758032,27.717899329451622,13.445494177490936,Medium,Medium,466.0
,88.90273652153337,73.06698757130359,68.68136561493746,7.606727247858216,189.3402596986934,7.916737933780967,S,16.2953615009368,53.80315163481412,5.922946571485288,Very High,None,202.0
11.117987157860359,52.34736281860269,77.23391423411098,57.743994272265304,4.569254897354419,132.11861526262027,12.427013565766938,SE,29.794783512432673,63.98671080027289,23.63806690664083,Medium,Medium,487.0
14.400951949606549,191.71119434823154,132.52363845168426,18.23719476349664,6.322171451666541,43.36616899289654,3.186513586707353,SW,18.83972190349543,,36.53283450229003,Low,Low,311.0
174.96376916668322,50.37714365187227,97.84529105778026,60.69480841961443,7.977160324603842,88.06293868805975,9.12420473307993,E,4.16804880005456,46.313729110662095,19.959864065950093,High,Medium,457.0
109.85451272745287,144.47369100639273,43.805223998320606,58.5954349747185,1.6471727973673107,163.1251431235718,13.928258037499223,E,28.744653455772124,77.82254930864775,20.283873026927857,Very High,Medium,431.0
186.103857357868,124.94530466252544,55.861101908129115,68.83931879974872,3.2830797602006343,,5.709353507792468,N,33.574385313104436,88.49823440477526,42.19000467505319,Low,High,167.0
133.04585326641012,26.571147823172943,53.23142909744031,18.888906606370217,,54.67863362652723,8.140732467465922,E,18.26116120664487,68.25870854368176,31.342021021459836,Medium,Medium,219.0
180.39444008398493,132.50322405007313,26.858101347858465,94.72431315762586,9.516297279804805,187.3599221265502,2.108840726464955,E,26.386087024537122,35.21536076319709,19.10321177336623,High,Low,93.0
,161.02734527166908,132.12609272959475,79.56934017798571,0.5117523881218847,149.48479743036563,3.6242450204854118,SW,-0.7870980856324472,37.230302983911045,11.720057469918283,Very High,Medium,199.0
24.145312319313774,117.93087048445379,132.29780127882515,59.627144423010535,9.07228518402274,114.03364446569927,4.089599497512847,N,9.93770923775887,45.78095964159373,45.01579184010324,High,Low,445.0
50.62802462683869,58.70218843371205,24.064855086804833,27.993941334933606,0.24597376222777878,93.90157136321083,2.251314128919505,NW,33.25302007268998,,35.28231527586499,Low,High,56.0
90.74426036557786,215.98252702689783,,,2.9976972796664443,116.32023114382612,1.2501124953268228,SE,29.941564680373254,91.21388605356361,29.03653181175666,Very High,Medium,442.0
48.696743429831436,270.76012223925306,,14.51236925805579,5.1986700914819775,148.7037286024536,0.5275855427019271,SE,23.323526982421537,41.938447249374775,35.7046597305344,Low,High,325.0
164.40280947026784,229.98508717319663,30.144017276741337,72.27610141253966,5.170210406614118,38.72067296989101,,SW,,37.538761746657144,42.10608939924689,Medium,None,120.0
133.82581176887655,244.67427265661243,36.04210079157119,30.006044561433903,6.267982448217976,,5.059757129087497,NE,32.05743041279566,74.29914932673898,35.311303339960965,Very High,None,247.0
167.28788821850367,83.23570833017627,37.31498312954976,49.95856708741937,1.2201348487391457,147.63398049779153,12.940708031861586,SE,-1.929598275260318,90.55824826307466,42.1661035194983,High,Low,1.0
163.64232137773715,180.33720716891574,70.43194293765906,20.747959474661073,0.6159861594276059,126.82758343788757,1.4203096101347767,SE,29.217169713510856,71.16025603351957,20.432091654057196,Low,Medium,17.0
161.42671725274468,86.55855459889563,106.72704664467305,78.99845226070028,6.051916977032016,22.195746315388163,5.776924696013099,SW,11.205725573597984,38.69216089434399,25.72148264535491,Very High,,373.0
123.71041612487276,159.9263377876562,16.589430052058315,72.2725241186025,2.4261516693208542,171.93973824333992,3.0923843392699792,SW,6.110120228559367,28.480069252546837,19.061401760274777,Very High,,454.0
100.49018590055225,57.422148307167,46.837754895425164,67.25526307000452,7.632419866577248,115.48063378534808,9.98469886895162,NW,33.10021498611987,77.12375051280712,9.757216957699283,Very High,High,27.0
195.68077336238665,184.71038762331662,100.85026442614526,56.82973992170332,5.787828584318308,50.70647062847516,6.023167937995816,NE,30.55232143315896,53.527371728801405,39.14347721603059,High,None,241.0
11.031710905234618,99.09186070161296,,17.029402506509527,0.4150159701643943,181.98974985268438,,SE,6.231853115945674,59.84121123235352,,Low,Low,126.0
58.112142182970736,144.47817657370734,11.042164000783616,46.10290576239429,8.804490439768001,,8.68340696658899,NW,0.2448101562112459,23.124838666057467,28.252894493702623,Medium,Medium,436.0
157.08003721800438,80.41658477676569,71.23069520918864,24.419553863723394,2.7732986238453536,196.74262846642063,1.5003367608922036,NE,15.467304555628616,57.488174152929496,18.364219480520156,High,High,14.0
164.7352920546342,169.14300087220437,69.0640256981044,89.75490484265656,1.3553167014111753,69.83723503796807,14.381604445738246,E,31.029141599574487,77.19697272219162,,Low,Medium,111.0
51.67811699885517,160.83372954685234,24.29422520671019,98.94946882299486,2.957088905452768,100.32803492776807,0.0656245113218823,W,17.725538019289,38.473330742495605,49.43801306297213,Low,,470.0
154.3679995264731,109.28332383492317,143.9284502969992,26.762988931033306,3.6753140295871485,36.80426174551235,11.380611894310196,SE,30.915264919756183,48.13469280601039,49.6955405349838,High,Medium,240.0
145.07142865627333,100.56589151474665,120.4944225464549,74.50078139625423,4.502485493591206,162.9587800640299,13.194424584815504,NW,3.2180992705780564,23.824545191402702,25.915620444749354,,Medium,494.0
163.21708397692004,34.40598779430911,15.334576537267917,81.00821411198142,6.7050070145897305,40.14549668747071,11.990692021088552,SW,6.034571527442928,,8.866516404707525,Low,None,376.0
127.60225146368735,98.44104107950983,14.215277863762507,47.89667981031386,4.197409902169431,76.4960947280476,7.312213533578978,SE,25.962732234314196,71.54619194344461,48.83060440483716,Medium,Low,21.0
171.3950647561305,131.95382358090816,122.4733357060604,41.70774443809617,1.7267329809208471,69.96998840273478,4.92912755708209,NE,,23.253651010496796,38.380538344135786,Medium,None,103.0
146.84456229226316,205.9379920762723,128.23049232452294,46.74831811677675,9.926206692147845,136.713631484906,12.682627751737302,W,10.639714898182282,41.258834410322294,14.224439504091075,Low,None,82.0
155.43565902212606,21.056864421916707,31.90209477309992,68.42390643110929,,51.024828331314716,1.4167843033159233,E,6.125851279760015,79.14997468048378,7.886722055150747,Medium,High,494.0
,29.327158272551436,101.42433270423352,29.55736161966006,0.7867759968059576,129.2705685816021,13.110531877009905,NW,-3.3596423423160537,94.6856234822077,0.7755576183401169,High,High,203.0
108.86872972398719,163.03623994212595,61.324470026162395,45.72055872838872,3.537503416478694,182.82265087377124,4.5305923417074165,,27.561111308510974,85.46704718266253,42.8650451777979,High,Low,
129.58441710579635,96.98620656876977,25.163820806782834,61.4664340110086,6.4297102162136035,166.62698588497884,1.6957179437043368,E,7.785531846879765,42.03698553415464,3.202392967126255,Low,Medium,54.0
67.12230323624382,25.18909343911834,56.60010895497423,45.703689500806654,5.552858319510786,101.22345060730939,7.289131954318734,N,2.858431409663593,58.63434970232172,31.207084251564858,High,Low,386.0
28.28162596008244,272.12131951927586,119.38552460889359,46.093173994493604,9.046247537689101,60.00064071459766,0.5469386647047569,E,30.629131688777882,60.185689123005496,33.10267316850917,Very High,Low,435.0
31.477384987310053,93.00887596944068,10.992800682482118,98.09582561098911,7.575038646282641,33.05777397023249,8.352740567811793,NE,4.367843382376959,46.50203129781751,2.4215408070705102,Medium,,284.0
22.155094532904894,108.15448084583417,94.52980839168622,26.55132556145594,1.615321130221548,122.55575104467208,12.008139783332632,E,19.03926435256567,92.54804827731195,27.333386044148433,High,None,359.0
,194.97933359593506,135.36420074941117,3.994020381514334,4.304269028554637,111.38449726272889,11.692403998484385,NE,20.568664578421497,33.483107597639425,30.741860355542354,Medium,None,319.0
26.609968312293017,,92.13004531733257,35.63107833476133,3.103111186171183,80.15500927576208,7.011000704058279,E,24.356533871414396,60.8583718698314,13.053292219976647,Very High,High,392.0
,214.01922585019437,40.092436214284334,60.869437280338396,4.510713543427964,144.36085603469743,10.209696236884566,NE,18.698166331361588,78.94900182133748,12.776313257478334,Medium,Low,468.0
186.9674255065732,120.38363688376724,123.4975311452462,16.176603306209003,,38.8513182243381,4.434387910150617,W,31.05252057257578,29.883854074274645,34.63107167450454,Very High,High,472.0
198.60654186095752,288.37047357291226,116.30028637768477,38.94682942783129,9.333375042460018,124.46321359511262,4.26208658313732,NW,31.98934686518838,46.57958805461591,43.242814989642476,Very High,Medium,268.0
198.6500370141203,139.64410445300956,108.98115113526518,89.48849665356977,5.083948571980377,24.232190245575083,14.165502794160304,NW,7.4930107609944265,74.7236143043553,49.62925151721591,Low,Medium,189.0
89.39637009867755,227.82655901775124,93.88679849344008,20.636038134799062,6.364041132754855,39.376994109475035,13.922899283674722,NE,-0.6614147826815087,74.27895137131418,45.9413735244102,Medium,Low,209.0
178.11130925660345,51.87729392177826,93.8367335612042,10.806641146961347,6.459214491240987,183.06547668513969,10.704055491127807,SE,3.1604505408202996,24.084134726295655,21.151403488705782,High,High,318.0
138.7303301615811,86.3283382648691,50.50013993221368,87.86811123017438,1.9252912909537878,85.61542682551674,11.690145332339243,SW,4.2265404071236965,92.45266358206366,45.808712222623186,High,Medium,114.0
49.343353234742075,278.3699957393467,120.74247966678745,78.07216546844154,8.65217878381947,117.22252399808656,3.0466072945961438,SE,34.9715707611626,93.90329524571345,34.70591896613011,High,None,184.0
161.85461706620842,219.8036848099742,87.76930434446233,96.7226010999146,3.093267502544262,153.46433692503993,2.4017096010377563,SE,10.667831849400189,34.33518830122062,21.49158735039096,Very High,High,152.0
64.67483127713152,148.53149795335824,28.60513315879918,69.27701656953981,7.707220047020865,35.4171010713872,2.1355510600778107,NE,28.198747495245946,,17.024039889139438,High,High,442.0
122.86256319233155,197.7989099245816,54.06408049323725,50.68736420318553,7.326695594674271,155.89980938741735,8.389486510628076,E,-2.9145179837614377,91.89916409439708,29.521450228855567,Low,None,261.0
32.27961183164733,187.8869305987917,27.037499416697884,64.41176541441072,5.431097051756806,16.97962533093463,12.044781557604615,NE,18.891411484735244,57.61864303971961,,Very High,High,
100.06263603508846,,,77.84495784846875,2.782301662454955,199.80167238216148,14.645953016651259,N,28.949639550885784,33.28506689891024,41.19915501898794,Medium,None,133.0
194.44999441807667,40.78920045731272,15.507332061850963,,9.142165015521769,173.07074914510625,10.797739106490248,N,26.56883254324935,,17.38007202947347,Low,Low,371.0
63.47432186266127,19.576181723168602,135.2535917656172,9.718237905122832,6.235614777844175,143.65494097317128,7.655541755771037,E,4.042266181208403,41.52517340603065,2.5318788031867934,High,None,112.0
192.5142447973048,20.72412933207595,48.71663921175405,3.87756977872404,1.3412468966638127,109.53321582886713,,SW,1.3901955395436483,87.8436459532276,35.04080800118295,High,Medium,194.0
5.966773742122608,247.569375457208,15.201928773538786,10.973578276805533,8.973884938510515,160.25027763722008,7.230862074661747,SW,33.64158109681459,87.41627599907318,40.194394141306674,Low,None,364.0
197.43030829623194,174.03149827988125,7.738796220597678,99.21318822691923,5.665361131526842,98.74938594575858,8.430725786664745,SW,0.5678141772933021,74.52431801074721,43.50770146126379,Medium,Low,405.0
,173.65991868497872,45.211235911416864,23.73741049307991,5.47664958854126,30.54264527771463,8.056083538503541,N,25.323376207545817,70.55661433181083,2.6454706362418925,Low,Low,129.0
121.90603812877463,53.054766846876205,123.97462742021389,60.21363130494642,4.997981411805105,157.53040382704248,11.616197600553788,NE,-0.18149430683385148,44.42605869576903,35.6388844909581,Low,Medium,279.0
195.3943591322135,154.92785526925965,13.096548542668206,41.73464216410256,2.1482138666029535,175.82703815798357,4.483231151353021,S,3.6881549408080474,85.89928980138036,12.211422583720811,Medium,High,41.0
5.177278884881397,103.88029515952996,24.030075718022633,18.911516182364075,3.3112066133892855,66.61146394255559,13.259951180839625,SE,16.2261555431915,92.33792537456672,26.8044295193899,Low,,
82.23718092440005,105.03356979918581,102.86179731818787,14.384746889165525,4.159631610274489,96.07167243288,6.246090288558593,W,6.833550563876916,84.53422149125548,10.895734914738625,,Medium,127.0
,240.20759336499387,79.42646498053675,70.32204952965417,6.583254460068815,,7.7248413481529985,S,3.97713036458628,38.268806600775505,30.54082166040838,,Medium,367.0
133.65016241006742,185.8231031152608,28.27688661053669,5.9215054703117085,6.59896832381858,22.765729666014423,6.335329706802321,E,2.1812494238391267,,1.9230781288332222,Medium,None,260.0
98.89182431591176,79.6260289951724,47.96566609584536,,1.8320303707878582,104.22026501439476,4.10442615592038,NW,1.456388621009359,84.54942039614441,49.09957134356565,Medium,None,17.0
66.19306834747957,176.92946807705732,113.91818390817745,45.10382584023046,8.7184563359915,180.77447764479783,1.2713045172444803,NW,20.882789717882055,,11.75387902779746,Medium,Medium,199.0
48.6503997065434,93.90401457070053,119.96784551783544,94.24525882692984,6.459031395407701,69.36389682793427,4.362780236093192,,,52.632018866030265,49.68519336771217,Low,None,103.0
24.376261526953904,214.62005444561495,98.84271795767829,53.584308062994005,6.310110869045273,56.337292369531724,0.9163390126267584,NW,27.423167599276844,46.23507566361259,38.531482142284425,Low,Medium,94.0
127.73606503021111,43.97413144461911,70.35590932702874,89.83041171256683,1.3412578892456508,39.12352157463712,13.004139425523384,E,34.387099656535284,33.674009941547915,11.424665046968247,Medium,Low,
67.05532761974476,229.46586099307848,45.09493061715734,16.159857385194496,,199.84996081346873,13.937910630796658,SW,13.812510068774863,64.63080993392526,36.609694355748765,Very High,None,193.0
74.87230670870309,217.5220458934126,8.700407567503618,67.8681678551662,1.2597100714360847,34.68483716031136,6.548524551223849,S,12.265570290631487,,21.422298504246832,Low,High,324.0
105.02040996694532,168.75032280902835,62.05166068670409,62.41897258095089,8.633916331181563,174.30090522155268,2.014194131934857,W,7.8323870738657355,26.813985886798076,43.07753790419163,Very High,Low,350.0
83.7062413616079,219.4824077031872,122.21496254189844,24.853189853229487,4.153925614409321,62.29520420025299,2.218135511064628,SW,10.709579109739842,55.79509731382031,47.238536210071935,Low,Medium,232.0
132.20572203139668,34.65954436618142,13.783548923903515,70.76705054148668,5.056675932093648,189.25155682981043,6.234571552672673,NW,17.919702332216417,83.90724348321041,29.04472863367789,,None,406.0
58.98354603649021,11.801252839851127,137.56153435970654,7.463643538753843,,67.53156331979136,11.917874430936202,NW,12.932567070307378,21.078015813902724,,Low,High,12.0
138.27581759643334,,15.346510315763641,88.87467148406736,5.547710386182403,60.92974552501137,6.799833677633606,NE,20.402456971044167,90.46227013172722,0.9232883186085783,Medium,High,332.0
67.55201512450765,255.77270042107202,114.18406164880714,34.359833910379656,0.47332990868758407,193.48673380431399,8.58457046439146,N,29.735201672309522,26.127981865994265,7.4622713397832605,Medium,None,114.0
82.75251639564915,202.02209919406573,139.69901533170784,58.234081265757794,9.181888842766552,125.0678363708179,5.464439535014478,W,3.023575711833516,39.34317735160971,34.69389475195231,Very High,High,380.0
73.42118841732541,,134.02840299576042,86.11433726782712,3.216888901594285,103.5084472033206,3.876946655421901,W,12.581378497942882,85.8930493304863,25.451494256089664,Very High,None,469.0
130.57721044368756,265.8288873420146,136.18793259937394,27.016053278825442,8.694888228231507,34.88577574727229,14.619554018432847,S,-1.623502685238405,58.34396596896545,17.472948465758737,High,Low,33.0
52.74976282555994,287.057922776867,40.520560921522076,45.00771423508154,6.861221760686462,123.5859503082903,3.471159968798635,NE,12.766052288162303,48.76726459464166,30.18841778545422,Low,None,
59.005544138247394,276.2625206796834,105.76862135167025,78.20186556105308,2.6879803298289615,50.46549772713411,12.199113543788204,NE,,56.81222214969247,5.2081736971063055,Low,None,458.0
144.47779285975113,33.576910118202896,105.84402416334774,65.57554360452674,1.7941131930283722,175.00194578666253,2.8487834330322155,W,24.489611785143452,85.96901066447838,11.570310383374128,Very High,High,352.0
158.47651687865428,34.135687589788134,28.437608601680676,54.305155274914206,4.307371774411466,56.67131319083958,11.931045939017624,W,8.583668750379395,50.67856148647933,41.43315788963243,Medium,Medium,217.0
161.35166599875296,33.69463589018352,81.32125801361754,17.912489705763466,2.3518651286197882,169.47159667227444,9.965545537852588,S,9.046906272446392,44.38807624198158,8.450767436255513,Very High,None,9.0
86.78371808557911,220.95826107889621,89.03988811177167,24.890996730179015,2.82268392714035,40.005359793432504,2.682096617550628,NW,11.246368807718639,34.40327695836726,48.200809127499774,High,,174.0
30.6847993187112,,,88.13292266875555,1.129564091327519,37.056792300848336,7.5093548410160125,NE,12.30921156637789,75.61223301146259,0.20323464270218805,Medium,Medium,361.0
38.600249022606725,,36.7335594747123,62.509123849545325,,18.32576486492046,5.83315875691006,NW,-0.046157826577903904,89.34269183386468,10.72649855553861,Low,Medium,309.0
171.12431789055418,,141.43999988910434,99.81552842156184,8.778769708349689,62.01722525704357,13.516956062190902,N,15.928296041776129,67.84456004978044,39.87198808748999,Low,High,150.0
13.911150111169555,277.34887612556906,119.03361327940188,66.14059689488866,9.706699960147867,44.23832605807431,10.135248395977637,W,28.178079729016233,74.21526324868215,45.048657022596494,High,None,244.0
128.90546249731887,15.733537339272594,50.07433901198072,61.02707805139036,8.517243677340744,,6.398769977458264,NW,31.66346089776441,84.83420427128227,34.022649285568484,Medium,Low,36.0
170.7215076614619,247.1653276418974,59.90728163697506,42.80871442709425,0.8657501726293885,52.50920410626981,8.482921516580625,S,26.401353356668764,38.05545559363392,48.37746772092682,High,Medium,45.0
183.5058593035281,148.36428392658075,27.43761084447388,95.04101107079876,4.154947357068941,46.86421333477955,9.81286661717768,NW,33.23943175913272,88.89408368852393,6.839656926907306,High,None,84.0
98.39943200243479,116.56242411950922,52.924987667849145,86.95173932082874,2.1930300530080755,57.48075196589484,7.242764500377885,N,-4.842711273079283,63.136553944611535,46.019867241365894,Low,Low,
183.2123069366994,211.86760219655133,120.88697676078358,70.50158071915727,0.6947180697692327,,7.1636079554927825,NE,17.839979389087482,50.93168302539391,9.756111209643963,Very High,None,118.0
101.48810894895546,285.6843693482319,140.305872985794,43.31824535747181,3.164974188891801,12.552631660541794,4.152858449732783,S,-4.944354992252826,36.236409274491336,28.841362520059633,Low,Low,422.0
18.973673374086367,234.803038502104,80.57169384120779,55.994703177138376,9.359612118539115,133.49318273171673,11.642617102870775,W,10.996618998116855,20.20430749002365,22.60370033164526,Medium,None,115.0
62.93788144715026,143.0078979959576,53.93250441848437,26.597309766449037,0.6459777729889487,77.43226225621353,8.62677318280485,N,32.69177645246374,86.33219487242116,47.2723506816635,High,None,465.0
196.4390716460885,250.94457122181154,96.79979483417158,12.780884138555217,5.723876697090532,117.5587279316535,,SW,23.671867346930245,32.15179244025506,26.167138694631685,Low,None,10.0
156.4884922447791,199.4186915874008,123.62424858583226,28.01451442241233,0.6659518338263212,135.93264983738825,8.506627170507857,E,30.969849840515984,80.55408893569015,10.590332643195538,Low,High,
127.9047040425597,,69.91428442667963,52.9357517817781,8.483445405939113,79.24313794863056,0.7681196676916147,W,3.730949241397049,,45.373850544048366,High,Medium,389.0
165.14777655658736,200.97261685789783,69.20303462414412,11.950330776179094,7.813455549100244,,3.0255387916429477,SE,26.38336454939404,76.06424315086218,18.984570336770627,Medium,Medium,383.0
,70.09772733821315,8.782976373127942,58.639969778795304,0.8494131775395257,114.13275483198143,10.665029247959458,S,12.82854911138795,24.68638918250458,18.959477044594536,Low,High,266.0
60.28489728118715,188.22510000974398,25.923905207816965,28.622728033511454,8.970462085724765,193.2795432260347,14.764319345466328,SW,28.866937738028504,57.806714987486714,16.394384987754123,High,Low,94.0
6.657336665870058,95.32115083525085,73.34208312950113,24.99252188615821,7.375507930069225,40.18161958825338,2.3902757086040753,N,11.321600809357484,27.284554601650395,28.175975551546557,High,Medium,57.0
21.32589866348724,45.42213741163551,96.76028436101633,93.4467924777152,6.372107263719367,115.92866673066874,3.7667256937830857,N,26.59134661485631,81.00005612921788,5.332877797520041,Low,Medium,34.0
144.16501786566093,26.085475637969353,23.51313412851293,30.654804246888588,1.6807178802330607,73.49795902159082,10.749333114389067,W,21.028567999021696,29.65866216379769,37.224495309289786,Low,Medium,475.0
197.44092560104156,168.90412812694532,60.35412661610173,52.32602764116039,6.058127200971742,17.120886770896497,9.914742963893051,E,9.8399382830762,85.40672365229888,13.19381491259184,Very High,Low,335.0
122.74422928529494,17.702784308740547,39.63187576835702,29.329778153378907,5.224716380196936,108.75318049422225,5.606503105509591,NW,21.08442639613427,67.14723122603388,30.769460165849626,Very High,None,313.0
5.675478515661622,134.36386487028182,73.04060425953875,94.43122544072257,2.611765050706169,93.07818792476704,13.299423148210803,NW,4.726798734854217,21.347752227185747,3.612199572195757,High,Medium,375.0
129.95663801484275,116.05174729533914,93.13855906487531,66.3349744760047,0.2632783569329926,185.80053090176278,6.219248897749798,NE,1.0937311574625896,33.77414981004831,0.9300547560353201,Very High,Low,313.0
10.606021273356568,65.90757258572233,71.86772193679421,15.723908335329847,8.490473075514622,21.49510123523261,7.946467944203373,SE,-2.1822932071148893,80.63940890562563,8.806621794921021,Very High,Medium,209.0
53.449457099244455,182.86375421234374,34.235427157731564,84.74057488948648,2.3826459301687297,10.10087477466892,7.290907870834889,,32.415965738995794,86.68708473290849,18.26726548883136,Very High,Medium,150.0
64.24836238697046,189.3444807460743,41.047854387957145,57.35717591014084,8.756981207834196,190.66168776517821,9.074492285556511,S,26.310963798154546,53.69555715012962,31.061016483238852,High,High,118.0
65.44344271302157,190.36496721248398,18.162331891307833,84.83594964876984,7.192987954268319,52.81251708498419,11.248957686890153,NE,12.41750197000038,72.08036590545018,3.196102803031653,Medium,Low,284.0
28.017357925163225,,64.70756831716838,99.82836837283836,1.5354759369493316,18.92035273138893,11.369637954949338,NW,-4.743042474587709,74.64114361371381,49.26716243545062,High,Medium,426.0
151.75022388485547,87.82130347993025,124.11638130540335,49.562027199395786,2.4471566263617377,165.0256779009477,3.616485406509465,SE,19.33157847509857,94.63919953483027,14.07602538477838,High,High,19.0
50.727656174390454,296.8276616375073,53.49341118056202,64.42361919204123,0.7924031512069618,71.72934906513615,7.50482636388125,NE,1.1148052487341076,84.72259743877355,41.083208988162696,Medium,Low,282.0
25.25717776448999,270.97318837191574,53.85435009740674,64.36570350948566,1.610726951080704,63.85547296192337,6.761125783541159,N,1.90241313337693,82.33695710811085,,Low,Low,
53.20737065393997,142.09181677708224,28.254027297012136,85.94742891448325,3.3052046991952655,161.61841139277257,3.640834091107008,,5.36901586656024,65.02741004314557,3.895284740965205,High,,424.0
191.25818671306413,72.93228594563283,123.58360517553507,65.24306084389333,1.3835702999516295,167.79289654426626,13.6979039883698,E,31.04491452869783,88.8165019184935,34.755386964607624,High,Medium,179.0
188.7250633744623,178.24446084773703,40.265196467616526,97.3390379246056,2.79010515438298,28.93788091316898,3.2209296707759023,S,29.948720794984375,53.12196134124039,6.951900592426696,Very High,Medium,34.0
122.86594873271369,49.73678894268919,142.3732537407474,73.95593076489408,9.335194440492891,123.89060113090797,4.071557518373593,SE,1.9390004838617214,92.54004234382366,3.2146428660931092,Very High,None,412.0
122.13188317325864,172.23514682028357,76.26922431822163,31.052504203421012,9.884884874683758,54.72604472741616,2.6411250809911153,N,-1.8653171178455707,82.80476989839687,5.564877241396965,Medium,Low,39.0
89.8850024458368,254.89238358879322,107.564297648413,81.71102327604574,6.034814119775721,182.0015154744843,0.5378098824531569,N,14.800736593756248,42.91868910483892,25.95379134229549,High,Medium,121.0
165.60109919846664,275.7598368044003,127.59130726425629,27.35778764118363,9.418276900964022,85.33186574276668,14.926981175493044,,7.743133310376425,51.80584258993323,46.36350715551117,Low,Low,268.0
74.71847763016133,67.81422637333175,29.39941324091636,,3.5253534796227037,88.68020280464458,13.500259930153845,E,33.40896760988415,81.1174363892384,7.510649128496805,Very High,High,375.0
162.25722470530818,147.019966873629,147.9284122085076,2.4480424950913564,1.537113782402543,135.96485587064782,2.9225545415163463,SW,-0.3817078953204378,55.51470298651388,2.1075080135149413,High,Medium,33.0
,290.7009771196985,132.29195233546923,77.37693445763684,8.942924000476165,36.315322117667336,3.020652953255996,SW,5.044170926574957,84.94666866288092,39.41526961511675,Medium,,179.0
48.43690004894615,61.49492519055044,148.81967745569943,80.67548034445026,5.623144477145699,84.49310154224708,12.400588969384115,E,3.634407811096562,82.68859372013543,8.568824499033557,High,Medium,266.0
171.20185208267324,106.17905139148786,12.925346551693494,58.73751308387134,9.35894746327751,138.2476738556116,5.945259278127228,E,22.33236760995206,,23.008454500982378,High,None,148.0
128.16474001681104,,106.47217956298547,50.620796816537585,4.689690612989795,10.416360765394826,13.295633961565569,S,-2.3463735752665826,38.735770245296536,24.262170550530048,Low,None,364.0
126.79854999296971,205.46774745612993,71.2628303761527,23.69799155683094,7.529343177249533,122.87068171973563,1.2842819746739453,N,7.786740882558117,87.21878459243477,2.9165597505856122,Very High,None,166.0
196.82576977758447,254.77935644246998,93.54554413235157,51.479149506562365,6.432762422032578,155.27312112755666,11.83337101406198,SW,-1.1828935286668374,65.81673863422225,26.29693009891878,Very High,Low,355.0
,69.75907089522175,107.58287881877334,90.8912320419777,5.90971663803337,52.22988304244667,0.747286966159601,W,28.08108840765413,87.52747299768396,22.960113504673462,High,High,99.0
127.82311863240463,238.6074756803168,98.19541195459921,61.40961985550873,9.077703384089794,51.88962169224405,8.702569310997923,,17.75371651194057,69.97945268505813,36.90432534790034,Medium,High,55.0
176.15171424962512,116.61424817814371,25.77066874246223,,7.576560008119359,,10.933199741181276,SW,21.165185911085246,80.70585081866126,26.499891827085136,High,High,
49.14203036221837,65.32332823601226,60.75272829366521,78.80407395804855,7.7881308711906785,73.94967164648341,13.777594572187905,,10.316983376980797,70.9583144692943,,Low,Medium,450.0
97.7022785235247,200.062010092592,93.25712230272549,90.20209979849089,3.2695492335970338,188.6225283874757,,SE,,41.21084695636401,30.802819006611998,High,High,38.0
125.61768023055241,197.70895884511688,59.42672368545194,92.60996890336486,8.754901420178918,64.65727957710541,10.987147058535069,NW,17.831406549916228,76.75765092996075,32.41167411963716,Medium,None,231.0
,295.7085655244667,,81.06344822988066,2.7910317836011664,38.94973336750418,2.041452201451659,N,1.3516732226700778,29.76152420303039,,High,None,
150.20208979885595,82.4816088731147,105.46136821819692,45.70579632557892,6.140290595348467,42.620156141748204,6.343816438724178,W,21.652205287750235,44.193741954988134,38.43307877113756,Low,High,263.0
85.08588998878746,240.57202359641104,7.5382374063668856,37.273837325489986,6.962720730353284,178.96260766284402,7.233514292512013,NE,20.96030454826275,23.988531068464702,39.384279319021886,High,None,410.0
141.6512246819339,63.65095735946139,128.7965421004009,10.313321163542776,3.4610615699178746,54.15202762343724,7.916655261630678,SW,10.242073626732818,84.18754109430121,38.77782810339116,Very High,Medium,471.0
106.38940845601347,124.35595611575391,55.89126058259689,58.8287189135733,8.884148242703809,33.51968431263346,12.033362652177296,N,5.71362387064001,62.131759648311686,5.48730510158128,Low,High,463.0
45.60363701304578,136.36962452662533,52.069885028099954,54.8042401534104,8.705033091473531,85.13620097501624,13.381526009320941,NW,21.395046506303785,68.41833823452723,0.9622112610940092,Medium,High,415.0
190.85493523128966,190.11270824075606,24.074640497403344,61.92389138547933,2.9519485766550657,156.454730481317,0.46498222135496425,,14.609391864421024,70.87378639878247,46.622501335121946,High,Medium,120.0
,28.810045929784483,31.374549827622896,,2.7638280631302106,87.97831889256125,14.671749588113533,E,13.34993176758173,92.46383265063727,9.336851419679649,Low,Low,221.0
22.62578762819739,206.88729725687335,30.613374865529313,87.08769081912155,,112.06272448006084,,E,16.055670200595515,23.880292463039332,29.7738891056487,Low,Low,337.0
14.847661498832762,283.1523568953748,99.96505468199429,57.506674061754595,9.054491063325969,98.10434878624973,9.895725776470618,E,32.65324971595391,38.687650966068794,11.056242104802438,Very High,Low,
198.00378155944543,22.83356336970052,82.05235699595929,20.921980310727008,2.9598621632682933,17.49640086222619,13.994504239623334,SW,22.710471242641216,49.21609205802967,44.43006448552499,High,,170.0
88.92589568170004,167.7433383700596,37.662096453167784,41.482077145816255,8.117533196869044,163.52514865865496,13.961689609114982,NE,17.537762188963974,81.29603641173597,31.068073627961862,Low,Medium,34.0
78.86342221269972,159.59095889186793,135.02933931926248,35.28676057814602,5.291477122136563,,10.6094249643239,N,21.40064427265934,36.06054811573195,10.213348292783204,Very High,None,61.0
160.64233798933802,52.063330034686985,40.30149403879535,96.77033551646429,4.938617407452112,31.015676126977905,3.8083751181587004,N,21.6856734516884,61.08102854435932,45.519727388774236,Medium,Low,106.0
183.73246306855796,178.78730011577105,21.627236317216813,19.183579874168156,5.858426419940883,175.80135313151786,14.869562476148166,SE,4.008486813512967,46.67751577408252,32.18981942035449,Very High,High,409.0
167.5654556718828,152.00313766341023,73.460799965884,9.154286475159207,8.010908891790619,185.52566419972482,1.0935107063541194,NW,15.94613943461589,84.07288533920705,26.590695821292222,Medium,High,220.0
135.1891555878737,246.89639327736293,92.32988009836927,38.65043437727128,6.301522274933506,186.03756349067294,,NE,29.376400308673553,39.958824144587524,3.7400133248984666,High,High,69.0
11.959691270542482,,11.921310889086193,63.5971208610113,5.539290047127524,62.36786619774056,0.978159433175867,E,-1.8334908901714941,50.98582071314182,23.178549675862964,Medium,Low,145.0
38.319752652561846,202.52172638203038,60.405690356171874,44.55048936353887,6.130620898036914,164.05570648043903,4.578507903721133,SW,23.97614949258587,28.318182533913912,7.0681624622251915,Low,Medium,277.0
69.63712065750524,251.58484875399267,126.41726766502617,41.0144161620097,3.3108147051498604,21.49378907058811,3.21319538804008,NE,9.748315992119835,39.67718218392586,39.39095773030846,Low,None,251.0
18.712596714948194,54.40378460331063,28.904996552298854,34.30600456291962,9.36818965853289,99.60605983437824,5.255016806152809,SE,18.239543247087674,33.33638549689896,35.89403575969462,Medium,,492.0
33.79477113645258,157.9263444451922,131.00257314012444,29.518376390677687,8.92977560730263,104.27697964735601,12.343609257099276,SE,27.989942622714494,51.61087389748814,46.356632860757166,Very High,None,309.0
180.57294280285146,61.88608217553212,37.43871607575351,88.90220161637693,5.14976555662713,,1.2872854926835953,N,15.889293778537326,36.06812602704589,36.18349205694748,Medium,None,454.0
165.3031612799428,38.650302109765676,70.30360571162636,24.808095923391445,6.347342657839358,104.33466729554144,9.451804733805062,NW,5.914374926692982,64.38523028513248,30.13376214458498,Low,High,103.0
198.0451058501114,39.48061852338825,130.39248709533064,82.38711113250385,6.196353801864715,171.03585528008983,12.494484057965032,NW,24.873415898490357,91.58804572085803,35.103115959167795,Very High,High,165.0
116.8864956807856,152.11548080620003,,52.78717106777712,,104.75297013117246,4.691381511401315,NW,22.649494009451598,60.355780320462806,10.951938123527006,Very High,Medium,468.0
,229.4938278593333,,59.65394619670206,3.061886211036229,171.7073038785942,2.9781178811664617,E,0.2894901823215701,35.80696601494905,23.717850547609903,Medium,,444.0
32.0449874093499,268.5565739791605,129.21516534088602,11.207965217100408,8.074352332451145,23.68690515831205,0.38173778505911915,NW,11.891490141969776,65.4358435397513,31.828607305379553,High,None,94.0
63.44877924031053,47.66543158385815,,98.40930152310979,6.8166906140844965,11.830417220736969,5.787620655323957,N,,77.68881351392768,3.984690304461341,Low,High,
33.40250157793234,175.69996770604152,6.7190449442391635,19.356116241587088,0.735326285995045,161.5168639194848,6.0244874651567075,S,,41.41640757388521,36.376936334271434,High,None,116.0
135.61241438365246,156.3311711653571,98.72421997409923,,7.9225179356858515,55.063304090323804,,SW,,27.71369259262707,18.554427630767044,,Medium,57.0
128.92835343859895,137.23965164770533,95.61936724271807,14.902047829531933,3.7221897038352996,144.71382395779435,11.163211823997607,NE,30.021059055498498,53.22084042073678,16.05536555977059,,Low,483.0
112.43632121750504,170.20235116431965,133.19712438194878,90.43525544951612,1.879966181712431,143.7910598135578,5.895774133902743,,6.936980390333405,26.044983817954954,31.892731135467468,,Low,52.0
37.800120260590816,119.02542786698923,89.11806048940814,28.30573001568811,8.10302121506203,199.02671508545575,12.60247960124606,N,26.86971464466561,94.89914980984874,43.592699632520834,Medium,High,374.0
128.12037129140225,147.14440086636498,74.84034749331113,22.98421455972617,4.891631511310367,148.7715529900452,,SW,7.861525518404697,40.4060297084046,14.493731552350631,Low,Low,266.0
112.3492734410327,74.21034287265846,98.5061992342949,86.61147280269131,7.801954974702345,81.92882132450613,1.5322830136532724,E,31.640060948062143,46.147448326348865,34.975021096194574,Very High,,417.0
170.67127152175945,266.7149259390831,,90.26019422181982,0.7172383436020787,150.51493817198963,14.009932413122124,NE,-3.060258565142857,75.94426189237247,35.09333748972841,Medium,None,320.0
103.3127531918587,69.25839581550701,42.04407372913057,99.63080214542383,,131.21750894913498,13.81925034181679,,14.336114316105103,55.973431911113664,34.15866687480767,Very High,Low,71.0
143.42839972276175,218.11576770522578,32.43072652372197,94.7348240853782,6.915609749852399,77.6192622373373,14.279120120239426,W,22.41869773703435,56.8461559680944,39.60013952919364,Low,Medium,339.0
52.390378062008665,181.7309254301152,129.2023820158709,82.67217758301092,0.10783903062508177,121.66851565697372,0.6637991270884941,NW,23.651095957365374,48.463567099027244,28.78163407108912,Very High,None,125.0
5.772599547316445,244.52223239510954,131.0408465532952,81.27995144755748,6.6224569614073,153.41196369730054,0.2451511503724929,S,3.298566833471451,71.23042721323814,49.89107500249937,High,Low,361.0
117.50695810143552,265.3338880504402,12.361545067612994,93.80357832946379,2.917513215215247,145.7992168777474,3.0505745445598405,E,12.785638607934903,80.72420161300691,25.968300931004062,Low,None,208.0
190.9592307093661,288.43341934421517,,38.50032610164306,6.078471718049329,174.88916736269871,3.677965703887378,E,20.307464291782622,48.05341520215434,25.12724844924696,Low,Medium,41.0
60.457334296753956,24.347776834327263,46.82303598691346,34.92783941816869,4.649442572196084,40.612290554963664,9.617017230283077,N,20.07329828294447,73.69009116590536,1.129821726457353,High,Medium,297.0
166.90372511245664,88.53693747040825,125.37071378104604,61.393846561737504,9.884442028543328,53.28617833423386,7.913848572944774,W,8.92879146358844,28.881166963679252,39.25673848565073,Very High,High,481.0
124.59342395720198,210.14281486846104,68.63014001229651,59.56081173386371,0.2425010227564745,143.158672959024,0.652236481374982,S,,31.6189445903214,47.41135742365582,Medium,Medium,201.0
106.55269449420342,268.09247396309297,134.80172196596268,,9.292926233882492,87.71237328560896,2.5856708557306787,NE,0.06297734976446812,58.01929684208126,26.775561970658746,High,Medium,145.0
169.33056108619195,83.19954301916401,42.944776866647764,61.890404311387215,7.962820136881076,44.79214870451994,14.328565074761935,S,21.73653620302227,91.01037434203249,16.304577167226903,High,Medium,220.0
98.46946598898201,265.5386821390284,30.735707442150872,54.002278991723195,1.792419548706896,98.36630748718257,8.855406362272205,NE,16.8104060354093,62.44516330745151,17.92676203640176,Very High,Medium,294.0
55.31630338959793,209.8090543475538,75.72351009042481,82.4339917025528,9.818418799334342,57.03861944640838,13.479390463727515,SW,-0.3929966234858151,40.703359202441696,46.49524960461134,Medium,None,47.0
106.22531665830343,102.61850065460978,108.73303793138865,7.757855197158804,7.149036072462633,178.60173600531644,11.872887532058154,SE,-2.4243878490950044,48.57978980408359,32.44060595074145,High,Medium,495.0
131.58048678529494,65.19984054124119,130.57936804275735,82.3987492455418,6.494937861111779,83.79937756332751,1.4478024284464397,NW,28.380924765189995,59.503920027597104,45.42644100206116,,None,471.0
128.12527567904544,249.08318654816367,8.250586592539053,,7.429317001522709,82.94490187363068,9.10898468452195,W,12.365070278487181,47.62734448335883,,High,Medium,412.0
196.03591318380768,248.95258757631206,121.31933000173186,81.1860316315469,2.163240145771142,89.76045542508177,13.37502015457915,SW,-2.315252371549308,81.05726231153494,19.30715882382617,High,Low,81.0
,126.78658990355376,30.401986705173826,17.62885259021533,9.21172637631808,140.52798048008623,10.350632855440406,W,32.11010766761672,23.729271168441766,21.653400474064156,Low,None,231.0
167.37231463875898,176.8308770529444,19.531810490307294,,2.9775804836870847,90.48474926094576,13.081812174745341,NE,32.604203225646216,72.79416528512674,26.45669176871287,Medium,High,222.0
195.20880430466946,96.1490989664491,20.258084302824578,15.9274934309769,5.773391512517295,54.605399189530345,11.596472472143498,SE,9.761867039770703,90.26371860968631,29.443834421413793,Low,Medium,268.0
84.8830630983781,260.0060362336036,106.95748933683024,56.200917424631335,6.119891296065604,51.19261324028379,8.137662438834328,S,27.63358492154802,77.12572031487727,30.39273076239369,Low,Medium,392.0
133.23588458905056,259.47440855349345,85.0754678407303,6.784921637733357,4.594248509078089,166.91984298150686,13.604857620530797,SE,13.89076917657114,32.88626938115811,22.59905328162549,Medium,Medium,62.0
110.49235814973142,45.48360281640176,20.20752081285245,64.37665676010458,3.8615290020649353,86.12879301466285,9.478824913027507,NW,26.443321664307003,38.88300229702021,1.9327329494652545,Medium,Low,400.0
115.00137892196668,100.73007817676299,82.10760006417215,82.61082253955793,,72.13214419549061,0.11963601631361065,NE,19.852038245706375,25.05930255079884,30.704517063394327,Low,,437.0
170.7754392410932,270.2343975685613,81.5663261823677,88.49194869379396,,185.26864584414145,12.46191441614538,E,20.869181076252907,49.809724778050764,25.122638567116507,High,,430.0
51.90946678786385,77.20937163697612,43.6095371352091,95.91435764512757,2.3647214852384475,127.94327144627,7.796575885011935,SW,18.693602805900994,26.976820201337887,33.638723212558844,Medium,High,9.0
112.12889173396715,149.08919268834464,116.01874844343524,20.546050897941992,1.558848543195789,182.9764349986651,8.915474412807722,N,18.690790635257713,48.96670928430834,36.33457351530468,Very High,Low,358.0
37.49983502175613,183.30126646411236,129.45056419102167,94.80322234682117,4.366869712918186,156.306979207719,2.2534126465775026,E,7.142428971735232,71.30662712056079,16.401394558828393,Medium,None,7.0
39.706458874371066,294.1953764370057,53.43285463782328,34.744613376757236,8.583438268331983,175.31850085099333,9.832546958600874,NE,20.798896249407473,26.437964725185882,13.33870239326841,Low,Medium,174.0
66.41476512826839,18.14104827778728,97.84672773631117,44.42380562811754,3.057038129024867,182.43674203214343,5.285676134194135,,29.87227184239834,62.798731976927726,7.585023050607642,Very High,Low,232.0
142.84077603079183,275.41868686742293,42.175119168454785,47.8815694037268,7.291351162178311,161.40477748683185,10.611876292450212,S,3.902327926521906,93.53670755606231,26.532165455110086,Very High,Low,161.0
99.11405501124418,93.95033650669176,32.83754570189397,43.00179277831651,8.206624118338402,192.74204811119293,,S,0.8477911022294071,27.743537357658063,3.2741559429072034,Very High,Low,342.0
84.83865603791503,46.72609113160568,25.573083916760506,96.82033465026373,5.162767408751063,125.73618909011739,12.930160803544542,W,30.922806560631685,21.95439746808961,48.728213248595786,,Low,
139.98390627607543,184.6941241387921,65.9727186029491,42.91022756713475,2.9723015430174704,121.84323282078742,0.4948121676839895,NE,1.3977469673612841,36.02076841080783,5.09524456728303,Medium,None,106.0
103.76203926473326,19.350292265661686,18.86740521017662,87.46801023297145,7.081685908805135,78.46133216866764,7.518188271227937,NW,34.19027056037184,45.19640543610138,19.603416789862365,Very High,None,159.0
36.734001188961386,232.63218589519587,,10.806947949445325,9.476978086799116,165.5385973918139,12.981094746495751,S,19.907200454893808,29.188590252400054,3.2679718363151142,,None,398.0
45.7313531290699,269.03960698036707,106.67861797644763,21.182191898892714,0.7464838244821518,109.71688125554684,7.02120908872686,S,15.990521308692841,67.6928533794364,46.698886171413506,Low,Low,
111.39798581222344,218.62678836490937,88.7935014016064,11.047914404400565,9.599179237741971,38.61166163427587,1.9455863546056302,NW,23.1951597244208,71.57745694230368,12.676092133624845,Medium,High,419.0
77.71348364928112,118.14485744816885,9.036402477826726,59.743504999032055,0.5398551139246011,78.81735588842655,14.644208052283265,SW,6.11290168736744,84.84791475847801,48.80270483660213,Low,None,481.0
155.79833926693047,88.85109157843642,88.25270674531748,78.67564383023421,1.8204219839381812,168.52331656339908,12.069667740843553,N,29.748720104446264,24.179644098483905,46.48932699682616,Very High,High,191.0
23.713463465714668,152.41030566433201,25.6730445236694,62.08404304254363,1.9929457454879536,182.17514027045752,7.982301813347777,NE,28.31323028487506,53.966329992508726,26.385109383916262,Low,Medium,108.0
186.23891577953776,124.68257758958242,126.28824322001368,58.1655340239561,8.710651191515078,62.508219691003376,4.689141514539348,SW,5.034394607692265,66.49577984354352,48.122203789954895,High,None,215.0
84.99190889997277,222.29004939061915,,51.691951030858064,,40.27277680886648,12.46313319846566,SW,3.6258569762435933,69.61894050800706,15.283910397179683,Low,None,460.0
111.66666307196645,254.2134615755666,146.20312091901238,38.853938860392525,1.9037367081096468,169.47832761408748,1.14366188631335,NE,2.5064867238717614,55.27052958175572,31.1202080397153,High,Medium,356.0
166.92226847619978,61.33343599084228,86.46268476183626,56.33711174273425,6.7331919607072965,137.7674179972587,4.51012742842977,SE,2.654196962090971,50.59757024742754,10.60830945082219,High,Low,384.0
59.96638607837934,87.84467941410877,108.22985920068108,25.57104108989007,8.778842353865862,26.043758798806724,13.15615912486518,W,-1.024973584583475,32.0560188114362,42.687978873450675,Very High,Medium,69.0
32.32084264692345,93.87845351989947,13.092076116672995,90.244560461743,3.3781521669838193,81.9944493232453,12.764593749709732,NE,12.794837458567308,53.40163012493663,29.621353943670098,Low,Low,342.0
75.13032779275215,42.79230211480963,39.54989458448358,15.137358501000133,6.2885094114399305,25.76613285765677,10.850188049897419,,-2.938417880178208,83.62828825669627,45.75694154145554,Medium,None,496.0
61.08211662475101,135.57787661269813,86.42911762244476,16.12794407844175,1.194467850206095,158.95261631159633,2.0958144552719804,NE,-4.03661776604094,81.62679610226249,30.028679205117037,High,Medium,416.0
159.6661256052174,115.849722435814,45.58425733549423,18.674962831139997,7.938165184496037,190.56542108709598,12.22555772401381,E,-3.265806128730122,58.80410772474203,30.452709581287124,Low,None,173.0
135.30611548641087,239.6824176561766,131.34495961976228,18.542688159746337,7.569911606382628,18.06369275835251,11.343191473458539,SW,3.864175957301992,50.966110379138726,36.716091253243455,High,Medium,413.0
66.77665172887865,293.030523624421,57.45767409461359,89.1955455620658,,33.29571493176264,13.842405162428587,W,10.065259911692488,35.10127454536947,,Very High,,164.0
5.725061990664102,282.14024777002356,119.66512109563205,66.3122776934747,5.871203464985815,75.86308622832696,2.890914898198074,N,32.613638114276064,56.22262436072548,22.948873251844294,Very High,High,
174.31281028616982,123.34507915693993,106.38952300219766,97.18514004368485,3.932287006230321,32.67501104141871,9.865295620631144,E,-1.0293401245424771,72.43659350227699,11.063503656731733,Very High,Medium,472.0
116.11113052921512,177.10838852884942,34.929914803120454,10.610907723770255,4.1720431884020535,22.94950266549454,8.010649554912415,N,6.303751505809071,38.90049301656347,46.714699591349216,Very High,Low,98.0
156.62692570236206,279.66499152423137,35.310037845610516,90.95413421630934,2.24065929127235,117.11839152324951,8.389001667283116,N,10.844955913348876,30.833590499787743,,High,High,112.0
53.820700138659596,112.12208299503006,108.0048239418135,60.19550879823817,2.904942762681244,88.25578357874002,5.079626597680925,E,0.1945193696133174,22.06768357834214,39.112649729049764,Medium,High,443.0
98.75990191097613,16.589240292178523,51.36231601139086,33.64805848525749,5.073089103096634,106.86133035422273,10.714471358803273,NE,11.289631195967175,41.27282164545194,45.65103228370687,Medium,Medium,283.0
187.74586053799447,112.5744423691888,74.27081994089166,98.86216533481792,3.331963202768574,182.31039483534684,0.08796052561880152,E,11.895549698440764,35.82887350741916,43.5060262295968,Very High,,
93.83499270813253,249.94349159711678,50.22584539457676,60.89090461587636,5.40347201942067,,5.729102268079312,W,31.25446876382631,26.332836584829934,,Low,Low,120.0
158.28184143230385,170.43598642787114,22.795117025404835,34.67573906841224,9.33469279068559,182.09525569902365,9.825617398119105,,26.804350992661767,49.61369273172308,47.6426827413443,High,Low,312.0
115.8315449976145,111.74202860092275,75.6816330179833,50.61278444821712,,52.87308111261533,7.914966988832896,N,9.95812616319801,91.96066252124072,25.68161197624145,High,High,457.0
154.9121688729584,86.49251524052082,39.75694232265151,29.598647880578508,1.6053773173162482,199.73784351353467,6.652782177125671,,8.824002269458768,39.82213017569963,49.29923335921571,High,None,138.0
34.70328092450458,140.22403709303325,,50.02761094181427,0.8850058494948307,188.5914146725375,7.785963448769351,NW,,77.35024861962256,48.07639381283156,Low,High,
181.7282306670553,47.766733927046644,30.723563065021867,43.44383377653515,,194.54899305365987,7.946357843522839,SE,-3.053872531240973,50.873271300350794,46.58430373179975,Medium,High,
13.58407764122354,249.51013878636104,57.72642164544729,,0.752616217093573,140.69251098066803,10.074916150311108,N,13.616055477298168,89.66473120846375,16.813796417285065,Medium,High,184.0
127.47598812366182,249.84840101795837,56.86012554746017,67.28545859654787,8.872254683007412,173.83215315381966,13.50270501848701,NE,16.789169460945352,,15.900094585033125,Medium,Low,65.0
91.8138729235682,269.430132297475,109.99256378061092,17.64156508263292,8.029671050550032,68.50972770020401,13.728362854066832,N,29.536995815623904,,22.29361458888734,Low,Medium,306.0
197.21837772096305,200.93739803588824,82.56367928731484,47.26034161378944,3.125708394075908,90.14938430949604,12.349720020844622,SW,24.694448073781565,86.1855389903275,,Medium,Low,152.0
174.05530739738683,182.53065558628964,71.89005991515639,61.86641353559183,3.4519903145928943,114.19744162352525,4.818852979568373,W,-0.5136008643115275,77.36175496146058,5.881765597584026,High,Low,6.0
178.48120644245537,299.4941067473096,134.3691337413144,47.41967828693679,6.173040810901443,177.6419587396894,3.4832239371249463,SW,-4.94440333069845,44.56461985869156,34.27519900818029,,Low,348.0
,272.99514745395106,123.4018590732959,77.60161514760985,0.16854536519234778,158.40502050059808,6.351191295300145,W,11.810532096493745,84.43419091665301,20.74449688704554,Very High,Low,473.0
122.35879700382141,,43.13585059222361,72.70461119203661,3.785934960265107,88.74833159352241,6.852111053445593,SE,-4.379369886533762,28.390895672619358,30.563825408447475,High,Medium,247.0
155.0205796920919,127.00614596275362,31.21778587372031,51.27858717084629,7.823016840872545,27.6118372139959,,N,22.8757624477354,21.04841901870204,14.672427644461328,High,None,36.0
108.01050907189443,19.527507163787455,61.88359566568373,23.991403733908935,,59.702117445916045,8.367680065741578,N,10.445777202248312,27.209335539624085,16.66334742851477,Medium,None,488.0
,21.21399081951144,50.35284464453942,6.3964086293625115,5.294107762068534,198.49512761100354,2.2219490241660314,E,29.888412625485444,66.82067762026483,33.84892590540789,Very High,Medium,335.0
192.87549306212654,60.166588367663365,120.1191096534294,,4.375524552038843,120.8974726559736,4.461809468302108,SE,,91.86975628977228,13.376798085212965,High,Medium,98.0
37.69864854082697,29.894994420923663,43.53566786554845,23.59386326955008,0.950309380713749,11.29736149319675,13.038537462029716,NW,2.319858056279096,61.06929802931575,7.7331339838863205,Low,Low,471.0
153.08504323072168,281.84736033702785,,36.37715939959033,7.949551051745183,36.06821111824166,5.426663857367979,NE,16.540304758995028,75.08702471436038,45.99086362250828,High,Medium,366.0
44.04530804549193,282.60495860465636,38.93352095032492,26.143306008530303,6.5021024256242885,,0.6345914501872713,SW,31.731781080609537,,36.950077161050984,Very High,High,
174.85114290983432,86.11071631007086,50.84269066349611,44.186562522469124,2.5008082589080867,124.46435284811074,3.2107530458655957,N,,67.30498996360446,7.981028837883164,Very High,Low,343.0
187.94185950836803,106.0477325175703,19.091972079547617,47.952735030538044,9.068680679873161,16.355565317342183,,N,-4.711224909711875,58.79396891449764,10.958480595449949,Medium,Medium,207.0
34.194421877835396,119.51650584954447,148.67997401246808,59.82012747243248,3.0859448362091526,131.34292390791967,0.39928161714204047,N,8.112750520324767,33.40963096989,16.444823702358413,Very High,High,225.0
77.3166035500132,56.26240324471149,86.95509241396597,88.33981810505448,4.677656741640476,48.25905241735545,12.333056736718031,NW,5.155089581334998,80.10108352672778,24.155398569564312,Medium,Low,188.0
184.79380441476434,23.002376136767936,67.16522419310304,83.80172252303012,3.7207045710303905,123.07216606805176,12.181364673094857,S,1.0591656499611668,32.909857061715456,4.453884043505823,Very High,High,41.0
89.91600883048474,95.33862586154652,135.43491915705474,27.993158959615986,4.985196245075287,40.8535367854698,6.896768814552281,N,12.20640413483309,50.57114294730948,10.474283302154225,Medium,High,0.0
160.62984744029524,181.32642441647488,43.23685085730029,46.889384459337975,3.2762379864086046,42.54886955023729,2.7456051971685467,NE,30.528158135970706,30.330636415794068,0.6766925666391976,Medium,High,253.0
19.51164020562328,152.6743189558182,91.19010916499012,,6.597254371131206,,5.024180721939867,SE,21.516297552083564,61.88282671042369,29.862526756565316,Very High,None,346.0
66.69751448032358,154.9467420879332,71.15337232360511,33.51769057440383,5.779110713364055,152.51130059145976,10.671037991251936,N,24.686145619115617,74.65350117584549,41.605625441876505,High,Low,257.0
146.89016585794445,135.7093437774324,55.60004967718843,13.402951452363913,7.373438688780777,100.93820472629274,1.3005372030026767,W,19.639354541085055,37.56673487344361,8.947775107428752,Medium,Medium,262.0
117.66266674532945,,39.101612835640786,7.4412143815202265,5.085801142490249,,1.237335895115662,NE,14.565494570238169,53.04580321765125,44.219633491530686,Medium,Medium,451.0
177.44163077104196,66.88218507457435,68.09198640149945,,7.062683095903961,148.45103527954444,13.375991958571255,,33.802372214354484,68.14121858865552,19.95980135742962,High,High,384.0
133.3032670110911,171.34966608666525,60.401853605082636,,5.244187654786941,132.8943585548321,11.82921013656435,E,8.341940368200063,28.48835782975214,16.01876380885685,Low,High,259.0
151.1566588712311,113.69385364964941,146.25834462044213,36.961568103747695,1.162083013366968,47.300124723513306,14.332902100303617,S,-4.698144406263389,55.51056762425214,11.072576612534169,Low,Low,47.0
158.2789358453239,241.7059748982307,95.1485895437165,52.388134804553495,9.26119245991079,62.0948433632181,5.722703898651661,SW,25.560184250771897,38.96537953929007,48.94500677541753,Very High,Low,129.0
49.994121998615896,125.54206519714378,48.00659482319734,10.629631002974708,0.5005801774266442,176.15691452734768,4.4249133560480605,N,16.53835184016952,,12.488694807393314,Very High,High,
22.731117893000764,158.33151355588464,115.27121375239007,30.270236866716026,2.562155403272806,93.74351610389006,,N,31.22392245418223,56.504217697286386,18.391929968812466,,Low,390.0
150.84307023163348,185.70290580237176,145.94942471282127,94.75210120059526,7.193284034761432,14.616379789488823,11.476607765147909,E,28.133772125737195,50.84389014169815,4.673955729168106,Low,None,68.0
57.761010899440215,208.554120376681,104.40388264846696,32.11630866693385,5.3269614613360625,135.90624659152667,3.1949401951430962,S,22.321737034470573,,48.47103651657857,High,High,69.0
90.49268808150734,205.12521474996817,26.02106500033177,56.759408983529916,7.964597426629377,35.15719103442276,8.898299963169189,NE,6.141514890536133,35.9661584353758,2.0815696513403537,,Low,14.0
117.44493596108529,207.03567349766206,142.061207920011,60.57023143263773,,67.73489432584208,13.469036057013101,NE,-1.2051784832022827,87.62603656539308,18.508067469014737,,Medium,75.0
36.26579802849555,85.25686492128203,138.3907954115887,96.16835976275318,2.530164112273925,23.49505976462489,10.723272344995593,,14.099970096931091,70.0470632570089,9.963145208633117,Medium,High,455.0
144.82093095588854,114.39836948456237,69.1893293787089,2.34620975181529,0.817592283257179,112.40309609695588,4.429294424072852,W,31.876440642404617,64.6245063701824,15.973257552754783,Low,High,371.0
101.60509782654924,204.8854578857751,,60.907616768715414,1.3427732700564547,118.60675189177685,14.108752824675953,W,27.93191765550028,85.93159970457302,7.284038447740376,Very High,High,495.0
165.3998400135028,56.35923693271255,106.56552866360745,16.89228761507588,4.973408780633358,112.03489397638528,12.33360940538052,W,32.594092427615614,31.813291862009944,,Very High,None,494.0
135.43903559063443,228.39388608812018,105.63364088053551,23.239334475645496,3.4128936707070068,19.946585064019942,1.635340455759241,N,0.5002679299263235,38.51107138049797,16.511141117703986,Very High,None,378.0
186.89284277508148,41.459155786850374,125.80159361454132,81.40496609167415,6.0850878928400824,,0.39778762932374645,SE,12.980236969094804,80.72022792847994,13.577695700935493,Very High,Low,405.0
188.1535463742545,149.92842932838482,137.85417686820196,,2.536638800879775,75.00628986138598,13.284880722315314,S,22.299491501170245,94.34140731953933,29.977228105062288,Very High,High,110.0
139.84656407136873,64.71501770630425,107.74973127807125,44.048091795954555,9.574321071642878,185.44011927964024,13.270965103042847,W,34.34593136650505,54.39299430747305,20.71181628497848,High,,466.0
6.250359329910511,,77.68528989762792,55.52638402756364,8.884414331425546,121.50581171856969,1.9641189860270898,NE,24.577407925914034,41.38912817374705,13.359001326853537,Medium,Medium,15.0
14.999269635942099,,122.42846337966358,99.81152397445592,4.246577475264751,137.12746877256006,9.189927597236977,SE,21.479562355482216,78.94005719766668,26.48665070763591,High,Medium,169.0
169.4184249422493,48.52677674383217,17.975756308929043,85.85504950954832,8.417429543354354,50.679324954832424,13.51431271121004,W,8.903635966495544,57.471144897887754,14.652729644758416,Low,Medium,430.0
164.6763272692988,173.76991402330654,90.66974968422893,71.98780183839277,1.5284186534911612,131.14306567276873,0.7166615559297534,S,0.34905702443591924,49.5430079633433,32.779912829835844,Medium,None,5.0
31.90653379625266,150.8102584816497,82.13112207567414,21.83201000081144,6.758367506138975,121.8756824223047,8.943431737279536,N,30.526481393438587,86.75759812179048,43.1163005085004,Low,Medium,70.0
72.39325445470138,231.38460598801834,149.62992585868398,80.23532567323743,8.332160549257718,107.63856942927482,3.3276510978118323,SW,30.784363906043886,54.41937469911039,43.79865022361877,High,Medium,284.0
180.4228659904565,244.92277170770123,71.40168075151314,,2.5318135899949707,147.75485309838106,8.185953818646242,SW,-0.48106373009003445,77.88679100225164,7.499427051862407,Medium,None,443.0
128.2128924011434,245.36430701523025,134.77068990112215,49.46227772542898,6.915418573461781,112.91695790537044,2.6922156222743823,SW,-3.208702341472449,,3.8567065708697,Medium,Medium,397.0
148.53905095042782,30.161298274523805,40.639636945640575,2.481635552755436,6.082346247821788,31.056229042647388,3.8179153483881354,SW,4.8214817403071475,60.42705811051975,37.461444579266434,Low,High,401.0
62.637416356230716,129.20974811257207,132.8565086276903,99.08609370458485,1.840565762898546,59.71114440973591,3.824032237143888,S,7.036366468255601,86.34971199180538,46.05016796693663,Low,Low,73.0
98.86111125402269,219.3466596221806,133.42230908112774,82.85438273636638,8.482669276647242,181.48500565498236,10.400956191964314,,31.152647073467897,78.23091856150698,,Low,High,369.0
36.73945038432985,32.38946321809816,37.02531835607883,92.95512304443349,9.591502096425486,32.82828309506898,3.7586977945546907,S,14.967224784841434,35.15196642365286,3.601957142534956,Medium,Low,495.0
19.545417877411968,193.3588936789056,109.6518701175318,64.57827661915732,5.847217708525108,56.74957271477531,13.033083436164222,N,4.671079143380199,72.91354241908135,34.303510425472275,,None,303.0
180.75542009706385,162.27049860354944,149.42680237506048,59.75828143179806,8.01249595741521,92.12119344279492,9.1142676938681,SW,,,6.853943680900631,Low,High,340.0
174.68868045526784,179.3902757905788,84.68882305902467,98.96356186096693,3.016244588582567,47.756208368052896,4.695469362343837,NW,27.706653256701777,,21.403491172108303,High,Medium,397.0
11.116819804223379,,44.83251168523846,23.462159224396277,3.576901563359055,81.21906629261905,11.7130327430875,SE,-2.707308824179222,90.02138933548413,34.064633185002144,High,Low,182.0
135.3542126690932,92.01958204571714,67.87528973394095,92.09451998882872,7.774515901904424,91.96150417191664,13.143169320765734,E,19.962912209976768,41.21174151343816,43.136016838241716,High,High,252.0
69.91744445443491,286.9012542402414,8.739043435599207,66.04350689139764,9.658632440682453,22.120000261038697,4.908687134068109,E,29.05866397073295,49.950736799643494,25.874557134144833,Very High,None,161.0
40.92508601010727,261.4833699355837,9.353073419210249,,4.446180137148768,91.10974079855094,11.771708123957191,S,30.144207158440672,78.35081919963173,16.279713706437978,Low,Low,62.0
100.63545702354357,258.7846391206241,101.60017037848584,81.34175347634513,3.7861068805584654,,1.4003597827793712,W,-0.3249087536844053,56.72161719685054,24.778326258419025,Very High,High,428.0
183.04231190913552,165.191257719262,111.59200525819075,99.19459122133333,2.4365314985655386,39.37524080193951,14.266768110851586,E,2.5915618233800464,74.67205947344287,8.121789714084688,Very High,Medium,407.0
58.30964647299033,191.9710930303506,59.90834374760133,56.25911126961691,6.4284517622877395,161.48492427281877,10.19282316875718,NW,9.811530823170811,90.66873473097533,23.32963199950256,,Medium,
38.801047098608194,276.2470952339188,85.43149526342013,80.38968806175846,5.5321355896568845,187.23932053631873,9.975474115633347,W,,74.30433042975856,30.461746124916385,High,Medium,182.0
154.8376842576344,,112.7131460428331,4.681201570476684,7.587768544472916,16.299928007200158,6.022565295129276,S,27.952156467494248,42.08544927941681,13.68051642557141,Low,High,68.0
170.45883928025464,215.56343450669158,,32.15191783714727,9.602323539591893,93.15301997532482,5.633954407976552,SW,8.33345149827689,86.62802894316756,,Medium,None,172.0
51.0470644546345,246.45812843295568,110.96451364562073,86.80120374282512,2.5261252845489732,120.88219401050134,,SE,14.3874092061095,42.12253894462134,46.97500773939995,High,,199.0
114.35562643285245,27.655966966667382,82.2130864387785,,8.889685399188245,96.5414862233902,3.2183961266042305,W,,33.58690789476478,1.0688927096003442,Medium,None,241.0
,148.8425525115141,112.49319080501968,49.89040081566758,7.38002608320304,179.84497424599866,,NE,7.564267924615038,80.37134591414254,,,Medium,75.0
32.99087702578299,50.1177854802663,100.87923258849531,49.50590479037969,6.36477030797977,,10.993392270074978,N,23.66021742565912,23.806327373678204,41.19551743814526,Very High,None,437.0
55.0525353868683,51.96236243254431,69.16428320539553,55.49547021411444,6.398512575156198,39.49883014086299,13.565054485268673,W,14.545516867267033,76.21407793786736,17.344803494317272,Very High,None,126.0
136.0775197555784,135.77877315910627,25.771822937452,6.070230629207732,5.759538044667939,193.51476756532594,9.451998109867858,N,,,,Medium,Low,429.0
122.8369092458981,210.02562086209977,104.32854260068672,96.43709920713908,6.145023868315472,144.40047600671204,2.256068811304103,S,26.085253333930968,48.63367801107063,35.35253465631609,High,None,88.0
,181.7422171928243,71.07078151998323,53.47708893862942,3.9806096415418897,18.292749953315287,6.231444567978077,E,8.23090533973858,88.35166439402074,44.53001117593842,High,None,352.0
187.198384482301,95.41626834565109,31.474484815081134,91.20633955184658,8.164721975311576,168.35314713165047,,NE,14.009471425416319,60.6769964581751,2.5114045452297837,Very High,None,26.0
174.0402558128696,241.48363009133283,64.50074874957606,83.4901876786783,9.200169725002105,111.70223037500796,13.972105778559769,,12.328697353999392,71.30895409964256,26.373616175393348,Very High,None,162.0
50.48795475416138,87.55263877358892,15.718027693984897,28.725159615132455,7.401103448399533,153.12724051897004,11.939521160752644,W,18.832229568557395,36.79482977694168,13.595248380683,High,Low,404.0
67.86883375591559,56.327793748033685,44.80364492740677,80.74078928922505,8.453586816047743,163.76708399881437,2.2604291996730614,S,9.21526597140672,73.3503492520882,,Medium,Low,365.0
36.719629278353224,220.47958872857293,131.94345429410708,71.52279835877279,6.795023562810651,58.34648680767468,13.83441378243027,SW,25.529478713114795,81.87962506648773,23.73434336774873,Medium,Low,336.0
59.16533029356277,248.70192033457354,13.98479941190639,96.18349220969088,2.703488039336846,189.07444800540014,12.465885746498488,NW,29.824030583655784,22.92007291879717,5.317166374106408,Low,,478.0
188.76534980197417,125.7713217253458,26.92556110997976,67.08800976825475,7.163954752515466,114.80619091573276,9.969207556882724,S,3.5599460272324457,62.93747667080898,26.52971795461178,,High,207.0
173.15346179821182,249.2044552408996,116.37557669136808,98.81412751117627,1.9707431047480102,163.5007852301568,8.971767967979428,SE,9.603635534021562,34.23880086192884,1.5236173721198898,Very High,None,452.0
114.64415707821291,222.29784479221442,139.65794781342353,7.73846353342342,5.9189227602328165,192.26852840952677,8.55497329449732,NW,12.274473344925596,29.602042665528067,27.78558888071196,Medium,Medium,122.0
24.78635941801965,265.53495011103263,104.36103786009285,78.7767521590437,5.757648954919744,188.48786217195467,2.2571212961065883,NE,20.39573392689916,,15.365750113391924,Very High,Low,347.0
74.93021236268359,51.28506344777799,9.699583867373054,89.28033302011696,0.44348862965722724,52.9452974733129,4.951130505653332,SW,18.23327684815043,86.38845740088988,41.89454854367766,Medium,Low,329.0
9.769587069481886,269.63803266541544,61.17500997306008,52.202390877401896,1.676655799310186,52.932455656475106,12.388297514004837,SW,14.75486342951249,,25.600949679037004,Medium,None,349.0
15.297101624214042,252.66357888087305,149.8662192826751,65.66855029600652,6.03880403280835,47.87056244193944,2.4215241881553067,NW,16.755880107515804,,27.202349050119036,Medium,Medium,257.0
12.88566672626794,187.01489669281173,114.07099912032109,90.29404705685803,7.813353611062484,31.09633988869448,1.9398395395697783,E,1.09218958476347,90.64426035155184,36.00298472184154,Very High,High,100.0
88.03372041833464,192.3975135208198,110.79357257259923,59.556125612270826,9.983413162645615,15.25659340923609,8.159139835274356,,30.892079204395664,58.514371870608805,9.616537271130387,Very High,High,453.0
158.29284427857766,105.22232025836763,65.1458593492838,45.88094652821494,3.4458715978223697,181.3039919765507,11.62206517771416,NW,,28.70424980104356,4.682280476115036,Medium,Low,
35.95783306070224,71.86192918664378,53.50565224037995,4.139065610302474,4.450920141261916,31.806068070094096,3.0321710749843693,E,12.138087813735346,,43.54903080390559,High,Low,26.0
,208.35464035627945,31.052555712209905,51.75740507863255,,140.212813350379,11.856143541616065,NE,1.8433337489652413,39.63914865071585,46.28002387616615,Very High,High,60.0
19.505371646651728,83.35799870699982,64.81470112315705,49.441241659048025,7.8554987593166405,45.545083466006524,0.1290897210690134,SE,29.563980507191097,64.7188008965673,36.863295820889874,Very High,High,301.0
120.47543378954926,161.7798961588245,117.70407346032042,95.04236223826315,1.0406578327238891,173.9239473514255,14.908942619547721,S,31.16911092843209,36.499158149171535,42.86053910271785,High,High,384.0
146.26685863848843,223.23336389171936,134.91070670396311,43.547527409276974,2.34906051434505,76.01731736957547,14.606875977761725,SW,-2.7105404111238407,90.54197034661841,32.297716205179746,Low,High,332.0
91.72916915962622,98.87045136238065,94.25700147812587,60.80182238913966,2.6289791696275175,164.13388385644754,0.8651234372045691,NW,19.619897578609205,55.36773536845658,27.48000697929347,Very High,Medium,249.0
194.59436292660314,183.34494856358248,34.28524029174992,45.59777821351674,0.8342699182162524,195.46520011174823,1.84921908350784,NE,19.606986233492194,88.42032819696713,34.640348332216796,Very High,High,261.0
178.6483984670799,105.85830094153474,97.35630829921007,8.066004343742655,4.887965481749264,63.24018141120822,6.806006210636674,N,2.7390576117947107,28.90750409253771,36.92556365743558,High,High,478.0
109.24799014348591,299.66500749951996,139.46219759640437,49.22156718328114,4.718618951701409,29.171890509581978,3.21929500515659,W,29.52725087672826,68.53186101105669,8.995220384471153,Low,None,455.0
68.23996948156704,100.38769921033978,22.247257928574964,95.6517420654959,1.306910265024349,177.8702876766853,12.696959668652354,NW,11.501414288104698,34.024765235521,41.29361927246627,Medium,None,17.0
160.98630859403409,75.47330907545407,12.815700326772664,29.672560328277047,7.582002143539545,119.35064736536202,2.63353348787036,SW,24.90660233527435,83.2224635331487,,Low,Medium,408.0
150.91584465039185,136.18155081074724,67.31033301722636,66.8803540896912,5.810313863275718,103.07192298452644,12.999857918118266,S,22.127137455039076,44.88062764018777,30.554014876651287,Very High,Low,302.0
176.84846760094828,171.3217018910636,58.73597289722941,47.21265174653618,,55.18397974702363,5.419414310856207,S,9.495710686687096,60.37804221434511,17.971345791734855,High,None,431.0
186.31748741793635,85.68964460530367,81.01173381748248,34.3844107006616,9.744532879983488,88.31299740564468,13.835200166805496,SW,32.89218753218747,,,Low,Medium,
44.473427827540476,86.00374491480227,8.460553203323702,67.44913134276122,1.9672193886475207,176.90441211154672,1.0451484287694435,SE,18.292803215497855,30.899067781113313,30.055392816656983,Low,High,170.0
10.960379431278026,189.15106999264913,104.17798594869376,10.82347558808792,2.4316215865206754,127.03347774862894,10.099608807406245,S,30.08398447068241,40.15060550281077,3.315758542331243,Low,None,88.0
93.76203515905848,68.68840656448133,134.2238882543419,57.97092162856662,4.735513110046254,119.52342822220648,1.9670356355811824,W,26.85463080333923,50.590923887564514,45.80248904528149,Low,High,137.0
125.20854798731608,243.3628393783216,33.49535813683103,37.00395026213272,1.8411843414087579,14.570065367503853,4.4694564003305475,W,27.512137513085882,82.69130114631494,24.154770730050856,Medium,None,53.0
90.06131545236167,83.8669256337231,62.64208123445433,9.301736464399346,4.265099836657602,71.47782394395225,5.725882352886723,W,25.570396095129617,32.125299652141365,40.92161445661648,Medium,None,201.0
53.58279490114337,174.64729415088786,,83.00655334537068,8.92369614605119,180.33226970997893,12.93206940942204,N,1.5941260110391164,47.28252955860286,46.65998248179932,High,,113.0
72.8280344313113,74.84775877796994,102.10881990118479,77.41355542911631,7.43664663547023,170.67438010040814,8.331187561918625,SE,-3.135613671426536,20.4974230224226,9.615827438488422,Medium,High,235.0
168.95966317427508,200.3762832791853,20.055020087639498,80.12557197329858,6.000081057754047,120.52954632828664,11.91345056853343,SE,27.2091097196351,42.85191895799677,35.94750278063428,High,None,437.0
51.074149114472554,168.73270112672438,27.021592606687417,9.328127810762242,2.0656902937794026,34.90191266490221,4.421967119310387,SW,11.351908026749747,66.98398342060443,38.32037705353719,Medium,None,221.0
66.44890709873525,106.34944158213445,105.33510161268404,30.96013401606321,,178.9795124758689,1.082662301149682,N,12.66094168397111,48.93298476978339,46.97917422255659,Very High,Medium,322.0
43.35961419468401,274.7249811732198,105.19473061890218,51.41855629613379,4.858927086107927,135.72262812613286,8.966335090430507,N,-1.6939446792273793,73.77523909391408,19.953008565366083,Low,None,150.0
16.928694477238814,274.75575991876354,38.79680706194236,94.33677135473498,6.530450671754096,191.52441653367504,10.589239985957796,SW,25.797283356277486,91.06108405192474,3.813112664149526,,Low,476.0
149.24652910916708,279.62793491183123,15.184014369911978,63.75462353801685,2.3821665119976614,182.60293406252714,5.596891992403883,SE,5.803660758353857,26.391314213933306,,Low,None,
125.6228333940672,278.7822117115718,137.75180462978153,41.77337464363972,5.749853197811913,55.69645931767756,6.923141112882925,SW,4.3546846105967205,64.73476322557826,8.263431228261165,Very High,Low,72.0
72.63831688219061,191.07410209037212,,69.87022313027595,9.282711948155864,107.44318290325587,7.173903363322794,E,17.646497021602435,72.5497035016395,21.131547498518184,Low,Medium,195.0
48.12921485729778,262.97178373660347,131.33457700972735,17.000241427946452,0.5817336912946999,104.9350823379777,7.737459621559751,S,32.04428065433784,54.68807559505984,46.97011647076357,Low,None,293.0
190.40792981354448,149.54287386697305,47.56971377047165,65.97733212865623,9.513910913641457,54.607371682252754,10.102056213051515,SE,8.962448873308553,42.407988973193596,4.524956829465626,High,High,42.0
145.9282274384128,104.39549104435677,102.53785700412682,87.75948854574271,5.696320537806701,68.81638658488158,8.165808650379597,S,,57.6413072790133,26.939467806126466,Very High,High,489.0
44.09794175616057,25.65745309058854,,86.51446721465113,7.605651444995422,192.46056821287542,7.766180800107258,N,-2.941263719886691,52.3821495637158,2.6471003792531533,High,None,447.0
106.29529512129292,144.74003691468369,118.57957630647232,95.83227145893089,8.388130367450833,20.20933571753787,9.063658352016988,W,1.4242843863721522,43.26452412137614,41.144813329621854,,None,366.0
46.41259074641055,277.5133831419102,87.35111669969058,16.890091944064313,5.112059404283624,171.17292622018115,10.765631337809474,E,19.661777181381023,82.74355211317757,8.931706140768508,High,High,290.0
61.688476856992956,,131.9744383034523,85.87698403535964,1.5410674842330272,145.81078944359152,,NW,34.15455406393984,87.6949080366749,2.222833686170561,Low,Low,488.0
165.3127979351743,139.01584655826971,82.22665225063841,57.66123455519237,2.8969074066960943,23.575384608623864,2.673435262549658,SE,14.031772063222185,80.80630115379562,26.6481250475345,Medium,Low,199.0
75.98859137362946,216.2464305006188,15.035220857417844,3.1686453707019497,7.1432220634545,99.19212155727071,6.3522792804973,SE,-4.455077590892094,68.78533048310868,28.337382222564155,High,Low,71.0
176.28735581731397,184.99237303059235,68.7558614395198,72.89592425993173,5.8392536881728585,78.53721008374593,3.9474770680389732,E,9.510955478828835,66.67133055811578,32.933880779842866,Medium,Medium,33.0
181.71824179495695,199.47430326972508,140.98728544687074,48.934142679014634,0.2681403894010571,96.49193512549999,3.806586762861742,S,18.55533355993775,90.29045476145922,,High,Low,157.0
132.3631604840778,223.94030504507595,22.421109952892635,18.256907030447593,5.490028945752997,93.81297338078176,0.8080146023717127,W,18.80394268004485,73.07893999515078,2.86108811287567,Low,High,336.0
33.63268339608858,183.97019121383042,148.23798381786855,41.13315146948526,9.040563514192746,80.90522390661344,2.9509640589698143,S,19.596287499647428,87.2143805859403,32.49120603419376,Low,High,11.0
100.92304936999594,71.70910368448162,144.80953283896605,44.35079571670085,1.9153281382317338,52.71184536213297,9.007510236795392,SW,28.218008935983136,70.05548697957319,4.309710910708031,High,High,287.0
93.94721442020044,48.18138624428506,83.57824110157044,82.5550576920006,6.576343438836226,153.11072639069116,9.660836957897624,SE,2.683582284424517,45.79455933207127,40.041321658921966,Very High,Medium,135.0
117.01166291502759,123.80628976379771,66.45130102457247,82.96283610486641,6.759095499188184,25.252911214137406,7.738396233445302,N,15.75156084458473,45.952519439318806,17.855923677716472,High,High,19.0
108.70105923387489,16.597018970111897,140.87466260055407,85.0546768346474,6.500690478021481,194.41292830646745,8.283989775173787,SE,0.9307091312655835,33.75001712096862,21.70625658662167,High,Medium,189.0
,273.8627426922194,142.30704388104286,76.79399970023898,0.2663975346530832,175.42990726592413,3.3135425323092877,NE,5.988785278323618,50.88967127706775,27.219191899670864,Very High,High,163.0
90.91003499145285,64.82019486370919,6.573556712613708,,3.1294202637084787,28.936263640659973,12.496192399567933,NE,25.473519800231102,76.37404089734058,46.59551904940532,Medium,None,190.0
174.67720526065673,297.41152599838995,84.8550852266773,70.25069632338602,4.26300265071343,89.04977136884492,2.2568596182856466,NW,17.72639715763555,54.48955617838188,44.87412175694231,Very High,Medium,215.0
106.67980593931334,160.5116149135971,98.54457178964925,69.52288150118198,8.701014129953574,161.81831927924424,12.60005330433194,E,5.082002771283767,33.6562109957892,29.676403415624623,Medium,None,481.0
184.79279144834547,70.80044267015731,11.027124118184753,29.81038172461322,3.6019852264303496,149.77102666586273,7.452963562766469,NE,,37.86947426972323,16.12224864902855,Low,,268.0
44.22385529619949,139.4144077388161,,65.73108456998672,9.250005514071232,128.06247378926477,0.6737913422411246,SE,20.851992560905465,49.09081527831937,47.34604732536374,Very High,None,390.0
146.79498164485,160.8640138447267,6.094583970417963,17.883142135349402,1.7044300435273088,75.45897962069944,7.2259804253854645,S,33.617436460279286,35.4151313499366,38.71675172575672,Very High,Medium,56.0
30.456066092967774,77.38858892031023,134.49515046209063,31.53611120914941,5.108048993138748,110.64257924285825,12.97643648152391,SE,11.048798516918854,66.3728621508985,41.05158491443931,High,Low,321.0
188.50342297871782,77.477173833259,34.51918616230041,47.824407190965545,7.350730161018171,128.99073744404777,8.588831660293298,SW,0.44983900664561816,37.419985950361024,15.14336481138409,Low,High,167.0
196.61107077953773,105.785770955781,6.90140699376701,99.96800465051962,3.485957197943567,28.65362491907027,10.280820345585832,S,34.76704643653853,71.16677551963724,0.5478193787255448,High,Medium,368.0
25.580687523545436,,42.151441498538,75.38559120115696,0.6728211824536764,45.26397215541285,4.061230951624458,NE,34.9849697583906,76.80603786025554,35.34513586937233,Low,Low,403.0
96.89913957542754,96.85197488868339,19.861276050237283,77.28713794549903,3.2936537745985257,26.140147233126484,13.618934192528107,E,12.64125368225896,65.19162738988923,,Low,Low,91.0
163.0922601285945,132.8179823747813,61.48056704542347,21.29036903610908,7.796155810545904,36.71467657805198,13.75793730275797,,29.950181403352893,22.52609617269382,48.05958401158425,Very High,Low,227.0
106.12263499473792,16.103031626701107,,66.02961370493085,5.872197239338534,196.76394806254825,9.427336241840292,E,14.2652818359619,59.351928944274896,27.780022825294438,Very High,High,303.0
189.4592045892955,172.12877881537648,16.218570734787907,29.111334690028567,3.8931859997351896,144.3283544378976,0.011005004744990554,S,3.1046982911863363,44.855881355632874,49.847512437415645,High,High,426.0
178.9635686272282,45.63937106860995,43.529699511959016,26.121683816318587,4.070156498868268,197.3540588225749,12.10163310714409,NW,8.074788731171832,76.48296389988937,2.612482585173553,Low,None,363.0
162.24713360421916,94.92033883058947,35.037017856848806,47.21608251222362,0.34232952931416893,57.204277986589844,0.419423046868207,S,30.74869799206182,62.18566263422305,20.880861374645036,Low,High,146.0
51.39042155196533,161.26358032308883,126.63949573456509,71.76107790585239,6.3805099817359245,48.672908150055704,13.1732202371956,S,22.244315092931302,43.94958796322234,34.44836437408773,Medium,High,163.0
151.53056032696932,177.25194654957744,143.46242770557058,14.877666653532206,,150.67559330014961,5.970682301513065,NE,27.645219073374705,43.757555042877826,11.00199443350413,High,Medium,461.0
128.432045316612,107.03307645035775,128.29725079430756,65.52770437988141,,160.28934917694266,8.411314700175506,,29.761229437411586,94.99959569421279,13.190477562618547,Medium,High,127.0
53.290523879526496,27.625568693454774,12.867002830251563,4.151682857606628,6.425294621464159,166.4070351550294,6.894122101344907,W,19.606519992903756,60.75983433669615,36.36268581447491,Medium,None,214.0
51.10564912302326,22.636552690167463,82.60988778088014,89.83399273893946,8.844528741568285,195.42991478557445,10.656325626994153,SW,22.862765037506954,,32.03238055947062,Very High,Medium,111.0
178.95952071445546,216.60910108857092,133.77962608080566,39.74823062369324,8.966422429285412,45.334493920960725,12.320793759185118,SW,11.286326172809432,84.6283968472945,1.2906386725042351,Medium,None,16.0
,176.26550063490714,24.362023605574606,3.9733320693732113,1.87886906076699,184.70310297264243,7.41597099922153,SE,27.344573714432997,64.4634574550202,12.854753183795442,High,Medium,172.0
150.0854084678423,12.955047794231847,103.75053112739151,80.6209202835377,5.246672121140144,96.76147417756789,7.170078552893941,S,3.1095401919268326,31.0504507699886,33.91901415756812,Low,Medium,228.0
78.51599922321937,244.5550504070517,126.13064575824569,27.00175390076594,8.496625615704703,118.86166764320966,12.252617201675047,S,24.74047364475583,55.14905812622474,10.202870330244851,Low,Medium,418.0
11.993811515895363,180.73522317906432,94.95684127023642,22.318551240875216,1.5076386448163688,183.72991208305578,3.8337946606594597,E,-1.4249446360391715,63.196078394389616,44.55117444958584,Medium,High,
70.79971025081105,152.53516755366982,111.82630366791903,27.184716253114512,3.1139309191699907,77.0871116407218,1.5155960677481495,,-4.782568098297415,48.4726439828356,16.987429658078867,Very High,Medium,291.0
55.04888002538495,259.2993050959398,94.78267884762826,5.751712898602954,7.380515901405135,177.62271961405298,10.972408006700128,NE,16.660779669436906,75.27735190208294,16.2001007137558,High,Medium,410.0
113.95657273241413,152.43800300226283,105.86916958441223,98.75293037445151,3.2835695540832224,102.60364448661076,13.251009441506163,S,3.954065104482698,69.76191742658091,49.921274149605956,High,None,165.0
196.17505539463508,111.24704773151578,70.81690617903234,93.2306869938164,2.4075259605422112,74.52665794133827,9.879747980701797,SW,26.56564349771793,28.248717598444358,5.669629711234503,Low,,338.0
133.69341872129138,80.33845062013646,41.10888447000354,70.29796085749517,5.569091578180286,48.08529787840645,0.342970903745648,S,15.782095551985126,25.97080096698093,24.920786759191984,Medium,High,252.0
117.60341399863091,211.41512152910266,145.8147016845461,77.91410493006241,9.446080531988391,186.39303626600423,4.025616989501158,E,6.343383122761601,37.00521460572659,5.680281837734408,Low,Medium,
177.29024436602853,75.3304132221453,138.43450396256412,23.588389937854895,1.6634842010298008,32.1285299751731,1.276408609404105,NW,-0.9979000119337256,58.833238810288,25.00324027907947,Low,Medium,63.0
82.80977370696158,,,86.60281598492979,6.590828021568777,20.134486533455593,6.768928510376238,E,24.336016888661295,43.144450456940376,12.352065263215495,Very High,None,296.0
86.82208891933598,222.5501357528949,99.10819208101664,78.43445448416256,1.2252540954519684,160.82931538260064,13.830865318388899,W,-4.68366829434919,29.520052327802823,20.29037084998167,High,Medium,49.0
99.85129772530553,35.3235171058749,11.048374991609656,42.72010244313146,,31.884021304019193,6.035258118554491,W,-0.5403948106761902,65.67242450060581,,Very High,High,164.0
104.20935338762537,212.47766432095776,142.787149172189,12.22900732585806,1.5157632908817293,36.76782397977056,0.8301937588724767,E,-0.6002720682797946,37.72141108274931,6.8843541336695955,High,Low,189.0
34.71071159804951,236.74705889584573,133.61696311464962,99.44425551094307,,148.82453484771395,6.111197640512719,SW,12.721611429245225,62.008723055411615,26.579567506254808,Very High,,166.0
,62.75978259500897,7.017057397766768,34.387372926560644,0.8990528641256769,105.97148953728517,11.072315577222739,NE,-0.09000245353096403,22.451581664633544,28.046687080619364,Low,Low,457.0
,125.30272063069467,140.22910711395107,64.57040103721509,8.695623255284588,55.54800712709216,11.60549236840312,SW,26.766870768604946,43.58926415642689,8.503508467743377,Very High,High,329.0
164.26882540765615,22.94409834621335,86.13882715863704,65.38808995231415,1.2354020269694395,157.59424969740442,4.4020022230757,S,12.715656472437612,85.01643626564037,49.125259656596285,Medium,Medium,
194.25394908525342,243.58314515544077,32.014653010560444,88.47925537679606,0.2924348433188804,60.41614479392832,1.6839282276366503,S,24.90550868104728,,2.9270558113366762,Low,Low,269.0
154.84653343437455,180.55086727935418,148.22438925800498,68.22315722930824,3.4159768067911953,145.64959735342083,2.1891882654376764,NW,18.760610178004274,89.38389644198014,48.969722881594826,Very High,High,93.0
109.8042501987988,53.094689528970406,14.876948396791283,46.416320092583256,7.573408913266383,154.639339769418,8.054809255727543,SE,-3.2092843229223966,21.79457744929069,7.9888299759220684,Very High,Low,480.0
177.7532149417594,124.89142115061013,18.479560744970023,28.024141683552912,6.840081811235927,137.89177179508482,0.6337305011325861,N,20.562461613105604,51.73752504179549,35.877565491259055,Very High,None,387.0
196.53962713989353,244.09079190432467,106.30967264517159,50.8243705664473,4.132899571518917,24.122021996297114,13.719377133167702,SW,22.788672881857465,82.13075215131258,16.65189217540725,Medium,None,65.0
108.9668439862109,19.30251614446275,96.01615862332793,68.69611984355579,4.542960689439238,105.84575621675535,,SW,7.05314916585615,73.38779489684222,,Low,Medium,368.0
13.076747502728228,213.2125999051457,90.24611578343107,52.91432541105177,0.4873055774844054,32.81468248300543,12.5822761700025,SE,15.377463044061908,69.16364362254171,2.468293254376519,Very High,High,482.0
7.977483126790286,289.81293205786613,89.46705788823445,92.37056173991782,6.029803571728035,125.07740692088682,11.713932718710115,S,13.971311767893603,71.90507664965463,37.98330711987123,High,Low,440.0
88.21334420341292,,134.39623245388663,53.806346272881086,5.458972930091582,114.07936296426978,5.272086642215644,W,24.466273451439164,29.4260124738963,14.843856909693537,High,High,193.0
55.818752829054134,70.91475249734545,63.46918287399236,51.56136406933451,9.813634582631181,,5.202300035365956,SE,33.87642963802665,,20.7946578126236,Low,None,425.0
178.62381805590357,250.68045094261723,76.80446994695761,59.66487470477037,8.194037012036722,190.7713696068919,13.404677322336285,N,10.588823950756296,20.12305018064901,44.34384699439139,High,High,389.0
70.84518700855739,236.6397472988194,130.89201042450713,72.16368372947962,9.035668410145535,182.10999821391533,3.0696288983144537,SE,34.82399216462276,22.316686754169318,31.652813127208063,High,High,287.0
100.39122324285874,273.5637508423376,20.414529836579568,40.71732328847348,9.277592326696379,170.47952439882283,14.866138758601698,E,11.88999815070476,61.49383358293155,46.18486818039347,High,Low,447.0
102.01303979133712,64.7575798133773,16.469561015784542,87.95153915539365,4.028837819331474,121.30767334543162,12.098173821992479,E,25.247311064185546,92.68831679759563,48.98850734909866,Low,High,427.0
124.61044991897823,,141.7289049999028,,7.912033018175894,124.34455181583289,11.868160142422107,N,5.471445224023682,80.61716881006129,21.654609387819228,Medium,Low,384.0
67.03624305674128,264.29187855120426,58.693957285536456,41.7507285286493,9.109357430209965,39.890838428254625,10.639920804427573,NE,29.1981041934849,68.76425247089296,4.94901327664966,Medium,Low,122.0
143.97241835064017,238.30651999557747,143.91418130877366,15.634871842693643,1.7387605633072765,192.77941715150791,14.112798974712145,S,29.577219386576672,72.95845227718533,26.001634007130225,Medium,,495.0
120.32881991010991,159.72406055876493,68.35883144153266,92.41614647137831,9.40342786668229,196.26173738047427,8.460811158303326,E,16.4251931011632,83.37233576996904,28.7891253073417,Very High,Medium,161.0
182.67252308181327,200.91299619378057,86.02776796027977,8.967704935359748,,157.40633415282173,,N,23.843614965134456,21.02648303365541,10.288988330168253,Low,Medium,424.0
118.14028388984258,249.80712815076433,24.594793005597424,27.102195790852633,1.681184040776858,190.9787371316351,7.937145927100731,W,2.6222143884747817,58.099449802413915,24.773235099630686,Very High,Low,85.0
99.69406303629233,22.413001181657393,105.50666729129622,15.964536752469265,9.743176218765456,72.4033694028781,11.73840397041633,NW,7.472131511986531,79.03860303473712,31.29241740059538,Low,Low,130.0
39.77325813362527,205.115850197649,124.03761795282284,90.68750883006282,9.094533102582924,179.41613129266923,4.995024999274788,E,9.862533806181077,,29.767249012305548,Medium,Medium,333.0
140.11145313132877,,,71.5852309420802,6.428433548462072,12.551043436959581,10.619053467051819,E,15.175529005152608,55.20595144214778,14.950787169728002,Medium,None,42.0
155.11585893188357,264.3258569955159,100.26915866565,86.41345063305742,5.948034572072824,175.25581654823156,14.83213433479676,NE,9.897283586698723,58.492411865274434,32.95200195932292,,Medium,134.0
14.183389194878771,73.55360879163081,130.34946161928548,24.25373502462601,2.9617451510645387,64.08398375380906,7.181908928929021,E,10.543585926546903,80.39444674227721,47.576867971648326,High,Medium,274.0
22.239113071283516,149.22567794258276,22.56106815820783,79.51170617375391,2.671445009140506,138.5197652978688,4.5240316019126015,S,-0.6279866908847742,26.43415394949148,13.940401717244589,Very High,Low,492.0
180.27917554313336,35.337310104503516,48.70675078435621,49.86106654780116,0.854965022383066,142.3200187617732,1.7260328344168918,E,9.379557609926223,34.073085844291555,41.9398382457162,Very High,Medium,195.0
189.3409751712462,103.940094980027,19.471401540737155,86.64606058525179,5.912977474364657,,,W,13.339492733141654,30.173333832750153,48.18781062884915,Medium,None,130.0
92.20255956227106,102.35821603655086,41.93529478138475,,5.667155888863247,44.34432847238141,,S,4.47266636413611,84.73624355526046,,Medium,,286.0
18.385923873445435,117.56639052232461,73.77768014555564,70.73830415399024,8.419468891872977,59.74997896580683,4.832061026043743,S,2.150061283018645,43.00326604507561,13.878095675910023,High,Low,338.0
156.94132930112346,65.4072666531472,34.68743441787656,31.523636513385938,3.8210286416915604,139.0883020309201,5.746021725370155,E,1.145891472205407,89.91877646698727,36.11771264931352,Medium,Medium,
7.568504756224563,59.869466735681264,147.43024995910324,11.258151032351558,3.9370671575606058,192.509272021359,4.478170257622606,E,8.247095054039914,29.716054914707186,49.25552401940379,,Low,430.0
177.02657581910125,156.88959479350913,58.5055441376954,67.53346239231811,5.749969500541124,118.56387004776758,7.414079336685344,SE,30.147020454378627,90.29086940852922,32.462421624759635,High,Low,341.0
100.8492883520493,212.85025418573935,65.98293855624267,30.044434067708668,,64.81402618599552,9.179180076226784,E,-4.777256997406356,70.62086352503664,16.938893768446377,Medium,Low,15.0
49.93049621480072,120.29753133739692,65.878501547598,4.064082952751519,4.11709793972363,23.13334794813715,7.5697354172306985,W,2.302495729537055,71.56195309416847,22.680662824813098,High,Low,214.0
112.036480749987,59.19561126147613,26.5890125958734,,8.25775451557643,80.6210815277931,6.319647874048027,N,4.663933851077097,76.72837560185457,40.15674111541953,Medium,Low,188.0
95.4424230931872,89.48729922550748,23.026851729160164,93.67113891593952,6.101770947667651,50.28741968261657,13.300457203013,NW,12.594005236680132,69.45022486494395,20.423401642732706,,High,255.0
184.86061575236857,171.8051555961419,117.7532809873516,10.110160772525017,1.560411190631316,97.71470102283294,14.023849013668409,S,8.994550570033315,93.07872146410948,25.4194636221098,High,High,109.0
126.46231138094412,,47.6418638906858,17.871364535665794,6.623150498429855,139.18964491649933,11.1643196651844,S,20.595568840025273,59.610436228354374,11.128660250848132,High,,145.0
135.88339410548807,188.58739657257706,,93.11445179270278,6.787712455419684,84.40036232506431,14.043720723309782,,-4.025694231091639,46.14973297869373,3.0392806385680315,Very High,Low,296.0
185.85068081311618,86.31084781024842,118.76853947754654,76.69893404057895,8.750949173683452,75.81663838272503,1.9500060068342169,W,16.418903051976834,73.38450564488845,7.890364510101522,Very High,Low,9.0
73.63477510166713,161.7001301850675,79.20888766883608,64.10757700252383,6.862211440056388,156.3748347152262,2.934263849056415,SW,,,47.39049742535925,Low,High,160.0
23.10420933645472,293.70907142433043,137.15985340077285,83.2762236200211,8.711837814219987,147.87399254594365,9.200768818068495,,11.23325894696574,47.058591979078116,24.30283274327929,Low,None,311.0
85.2649190403143,41.80456888566239,92.91561100077654,61.78668480561822,1.3803354420420093,98.29986549542218,12.01601873627277,SW,34.52310934420604,35.49874744837649,40.99224959180975,Very High,None,345.0
170.65236525198398,264.5786526246403,,13.797041338192317,8.436461237332269,164.76638610253954,8.459066321365002,SW,12.744389642857445,22.28133896786577,44.553263298520505,Low,,445.0
147.05561558029592,166.4324981283924,69.39490350740279,50.64840174277516,2.1173797919387707,112.90295133661198,8.008005013701304,W,24.78675386032075,49.74054416671477,11.65225875317758,Low,Medium,287.0
30.160020647938325,238.4512441748431,101.92998005056414,57.74917955136016,6.279979442656518,87.96468537470379,2.3630827229358693,NW,1.4268846094941035,83.63359334004718,6.669968299604329,Medium,Low,51.0
,117.03701020895816,118.06448672542304,88.22709588584176,3.4191817945283285,190.9817198012877,10.56100588608907,SE,17.626069656728394,88.76626282919202,25.83496640479576,High,None,449.0
173.93636021214786,217.2842457218036,60.87710089454829,51.77922237905462,0.7568847794720492,53.12988058548452,,W,34.60769929515702,58.002913358920004,47.70039079655801,High,Medium,357.0
74.29825014644659,225.14624655986438,149.26296308350928,51.797653457384335,3.3116918833548166,62.71785134519866,14.307960688119312,N,24.495447947769215,54.275647573570055,10.494486978200118,,Medium,55.0
183.71426205641347,133.72452294001388,146.4186846988424,56.367643933229544,8.320217844139636,21.076074034265503,11.049657034201086,S,2.9062081959886354,89.89633911621593,11.965372359796056,Low,High,271.0
,124.79506140825418,83.27239764680183,12.637907062856964,8.245380634836135,143.92115109317137,10.158013621947834,,9.884379218728775,59.437741486748585,40.57308815366134,High,High,267.0
129.52447319893665,227.41687332552456,30.394709895301773,88.27966067321915,6.995225645462885,25.155963810261838,14.213713633822268,N,10.815827268154976,40.59564733283251,40.46284478666077,Very High,None,
39.393520466548104,298.2478530165263,43.7258692138316,43.57639351434504,7.542534516681049,192.56006578366433,1.6964117510828025,NW,20.900411236663246,22.800706521359874,15.230259940908342,Very High,None,260.0
95.51598491775908,59.594795980828216,37.52696885410982,81.78855654548767,1.3061953771270196,118.42030377877732,4.301873465364623,N,32.94812796301073,64.25992721594433,17.992540898375136,High,Low,334.0
164.18503829522157,152.39974867861616,111.03652728391909,56.0535151296398,5.040842246954071,67.13344371197837,2.0241105954001832,N,14.424166686130548,30.413046491732228,33.76788761658406,Medium,None,46.0
145.4663680025592,109.70528144373655,135.57158085755862,70.24432095640906,2.2501536097587906,62.265728353576506,4.579631498625647,NE,4.079549307825756,80.52809148011406,10.852304419313436,Medium,,288.0
83.64603115589651,46.97756981507263,68.70830874850873,29.853041942565213,7.410137291295637,,9.561956579810346,N,31.41236149944865,62.8625704115734,35.97336639513388,Very High,Low,299.0
184.34095515633285,155.85017455404673,35.335834601379744,71.39248319316397,9.782073335685903,186.21194374302578,6.543474754888194,W,16.07058545673656,72.83688935710347,27.16254435830383,Low,None,347.0
178.16724250669327,176.21952352644146,,10.3953704657168,3.319039818925202,,14.060053786401312,NW,18.089585974078656,66.73279604720001,25.921675463053866,Medium,None,229.0
94.95124906661626,266.0407291956157,61.41857615938298,21.939680628894887,5.645609188650974,115.89497861023956,0.40066911788038395,SW,9.59058407259613,54.133499390700095,37.149620842471236,High,Low,257.0
99.63606573783477,119.5494938660287,53.048348068277384,81.22760876709596,,38.59519494733637,1.9384519376950538,NE,32.269430731622705,85.41767104958556,5.646513827556071,Low,None,150.0
176.80104914121188,,84.92346840230596,66.36721355607652,0.4338932227062259,106.37064551254024,0.7392250387391869,W,0.3083057341462281,47.230482795600714,8.373726068019122,Medium,Low,62.0
,190.19930517192242,122.71919540452582,20.3918656616296,6.052449778090154,12.50228955959784,12.644227988711302,E,-1.844373508585937,38.07014383856266,41.444165650440205,Low,Medium,184.0
120.47523860696225,287.8281637657215,104.92880342925417,,8.027175835846336,94.56702251378398,10.655070097352741,NW,29.341007676291298,61.506303981461066,35.354790029319254,Very High,Low,132.0
75.58204217072742,143.7606222903136,89.68374674426921,70.89320028848529,4.566373759322061,155.03461255266555,3.9763863159054367,E,23.495043434470368,73.5476317966806,49.94516968075838,Very High,None,248.0
72.64326438877157,259.70290614045007,96.83676602154745,63.31824225592651,1.4105585017713875,171.47105823367957,7.591392030855377,W,,60.23718359881966,48.19740606364981,High,Low,84.0
185.6904148118948,74.63935740617502,83.94336293046396,35.167796519551594,0.7835162629613638,123.25472480551869,5.553381664625318,W,27.49098974807206,76.7357357443646,39.270658767201965,Very High,None,241.0
66.50141170533013,83.8566958418616,61.60463954389051,91.75573934521825,6.710204937419345,177.94672828093735,11.14193733233218,S,-1.3003282388722903,77.233948342051,20.243321726484975,High,Low,22.0
92.51554438928355,93.52098626748041,,65.86214209509882,1.2963428286407472,167.19598902069902,9.41886349931763,SE,24.87877397351089,87.39893641538377,42.45959973449312,Low,Medium,342.0
130.78549896121913,131.21991092292905,96.76695241579799,6.55710872200365,8.035655481498452,126.13337676332442,5.2838589140297145,W,30.103359100841473,26.795728067920844,47.19426785611741,Very High,Medium,101.0
192.68004994757618,37.89832935144884,132.42906029894118,49.102718076805935,6.400537335011005,149.14864183917234,7.154456414227933,N,27.254314502705135,34.22756584611635,40.58054090247525,High,High,
49.62226904610444,59.57251150346578,30.941647577402673,55.4252685360133,9.131843622527724,,6.959886737364379,SE,19.581158628122783,35.39005423814739,18.807046544996204,Very High,High,40.0
22.16168811309439,288.2810183621733,56.07074095384302,57.810344355841366,4.098707311847295,103.8309110298428,,W,8.697517461083448,33.66088653670573,29.15892189776962,High,None,464.0
36.39358755705446,255.76276687394966,48.075640408620956,46.78314822845274,9.996132149126852,98.36025412716117,10.70398662385979,SE,9.877178549126565,87.079950299905,15.414211918370546,High,None,23.0
188.52550732662604,41.80967330865097,107.94744760812044,37.27807030606247,1.0205565446844396,125.13282303509475,7.362196806897904,E,11.812695396835746,63.36003152114503,43.05418914692451,Low,None,100.0
74.10471841238824,,147.16944664182253,19.029065104615675,4.795312501949267,95.38957849688435,13.483737363016441,SW,5.685381685651464,80.20201064673512,4.6920013348731695,Low,Medium,319.0
81.54431927945846,84.65720076506679,125.0278601310864,28.861010787248702,2.4116303759489934,65.75734195960985,1.2024431001479408,SE,,25.303447883958665,47.0058168200323,Low,Medium,384.0
17.62848065539836,254.0656297795078,138.4011475683956,25.537133756933876,5.634500247770726,107.56120647446566,12.739656948492973,NE,2.501206801850646,54.60905722952446,12.338666196066296,Low,High,315.0
79.57913885516164,73.74348171602136,23.449651201635437,63.02612167047226,9.250994353444195,44.621676181178934,14.97275916769981,W,10.155230738268962,78.16689949035401,18.169222282603805,Low,High,265.0
178.35267312034736,77.56692072176985,99.00065460322185,45.56436499390303,3.1646486524691277,185.88943432602176,13.602841075974736,N,16.604043885342264,20.32333633217087,20.283024540272493,Very High,Low,177.0
5.114767990911822,200.970606692036,17.038987580941377,6.3063964908880505,1.5083715735571632,194.28752530048735,11.065149276920932,N,25.57308105488129,44.98379962609338,45.403601512856625,Low,None,240.0
,113.9052270190499,7.417445134360552,6.569031839493937,4.724407672156243,197.81516689832313,8.115875881883126,S,22.776989707468335,61.78929844159465,49.30146748343818,Medium,High,203.0
105.952511970887,164.07812112778635,144.86926661188446,45.50648099750676,4.573099897075725,87.0315185964133,1.8394663369756876,E,9.055935782771773,93.79768648947642,8.015076976361845,Medium,Low,106.0
120.52148230108274,89.38436695502345,24.7096562409369,9.040382804900691,2.7475059120350727,109.25185044054203,2.220750715289185,N,0.34632768054850604,30.976820938210082,45.90917108413574,Very High,None,
118.53663598429658,287.14366910821354,102.62612257222987,98.49072921826317,9.000457245483311,,2.517158670066455,N,22.35241982841441,94.99744303293684,42.64376853836761,High,High,494.0
183.50982570558313,77.52699649276535,26.55471853328634,34.74031463482594,6.860076162982431,53.95014292949486,4.932815035046848,SE,-0.35707776453282936,55.69648705656773,35.32171382929024,Low,Medium,23.0
79.8402420645085,162.68527541382468,66.41353327681364,17.850378354168058,1.9721617664925322,150.66182371928653,2.738830555545654,SE,15.320804144735082,60.906143117278795,1.3138367204538037,Medium,High,428.0
24.4912771809041,92.12915200061458,37.54544993670128,15.409050667486229,4.598848871532973,154.77877927044077,5.494022516484439,NW,3.388259151367361,68.36595113631523,26.435180907999705,Very High,High,318.0
91.29566607696414,73.1363437187685,98.96664009013827,19.488638352000056,1.6213306805443803,141.72614960553494,5.380150871359371,SE,12.037791902383216,35.04985746175289,36.90485010605904,High,Low,319.0
74.9972127778761,261.1222812261579,74.97026057568834,,0.6502738980694251,122.50141748896604,2.438393078158141,NW,4.263735103526219,23.074312605142627,29.069419967083434,Low,Low,280.0
189.86253569191993,289.0814493710871,106.78414800093981,19.868341064832812,2.123786217557035,12.28774391326401,,S,10.379345571118677,78.0705064779192,48.2363885663466,Low,None,13.0
128.4766101921179,114.47446689915581,96.15241229557682,28.043174272392843,9.262221357733443,184.5642826351076,7.950228008818566,W,12.550786597590836,36.47956209700273,22.556307658309656,High,High,107.0
87.81298951033395,100.75304217550786,41.12550852478064,60.15040204397724,0.287456430582913,186.59512871762402,12.297358959095526,S,14.531854265688558,49.15054141763659,4.9391803383226796,High,None,
36.46820440446871,34.893278137561495,94.97258440511088,32.82422397699352,5.715582381390127,136.26738635590178,7.762336501960422,N,8.179545990313027,82.60466196717618,9.928308441749827,Very High,High,3.0
44.47489796939106,113.32888374532476,47.7995487695183,6.675244265943197,,,9.249653635250748,NE,14.042209121505692,30.392307666056475,47.901882855696655,Low,Low,418.0
164.97502977759183,21.014526724166608,110.22639987106868,23.80803147455717,3.5566662223156755,28.28230214258155,4.567232674652408,SE,12.142049675078802,50.353691255131885,3.5712346942142927,Very High,High,275.0
117.62992845761242,274.2789581830095,46.70671942527206,25.453302167196263,6.862606938255108,168.84555310813641,4.824428497580823,NE,29.267961959120456,72.02310533292568,31.786802069394838,Very High,Medium,444.0
30.614597247970536,160.57667042904288,26.695106822208626,5.686493453589752,,153.39338664805737,8.24239543484102,W,-0.5033179492308903,31.925597546449016,31.50234198694716,,Low,266.0
55.52659229039126,233.03133020034335,17.059764712747437,80.20028641473684,7.5149195110066715,59.279439523602164,4.120004041133892,N,3.349220985948179,62.80238199435856,24.89702596970239,High,High,105.0
135.83538811338067,218.02178700193107,51.51257665845843,56.44815198956834,8.471422107737602,150.32319107585533,14.138104618768532,N,4.901417372686026,66.50231273468016,49.66743011075433,Very High,Low,391.0
102.62678569726842,118.8530071331729,96.77040417851417,94.56972735344186,,43.35525806717822,2.5059782306897525,S,1.832341962564139,21.594574451457646,,Medium,High,300.0
79.1935346017112,239.93955734891074,51.29430865669492,84.61836810651174,2.9024204651733285,40.80266905082178,,E,16.38892280957425,29.795179374825032,42.03052864136025,High,Medium,413.0
159.62957287703884,62.044471472737534,38.93936708497011,50.128677378252696,5.941390139050837,47.83406112832448,13.96662496651184,,25.894717966198286,36.13697178789408,4.477617779059545,Low,Low,32.0
98.96887937613126,162.50626740598707,23.412466549742124,84.936570799785,2.127285072535615,,2.6357185756120245,W,-0.4683398502300973,43.80061368771419,36.898918036047355,High,High,31.0
186.54447737283837,,124.31692024638156,9.531295377266717,5.202769246587203,80.83001853981176,13.461559803809246,S,,93.08072974872937,13.616701080534455,Very High,Medium,439.0
189.0575048508858,223.4836990685232,56.514471415419905,69.3213180844177,7.06584473185837,175.97959671826072,0.7002866704303035,E,6.395358825824019,83.17328683300887,46.092293884096115,Low,High,394.0
172.5615396240548,100.85113313162199,73.9126739059803,31.742346271940566,6.415336324436491,32.18411971296891,3.24136053826195,N,1.9171358117929627,31.817579784695774,21.87627960540891,Medium,Medium,81.0
143.0765921447466,224.96358984690505,135.6952345752873,24.968071517721686,3.1438596887547208,132.33125698583575,3.2899121180429427,SW,17.331162273143782,39.928691733386444,47.636724065260495,High,None,220.0
48.453162236651266,261.9475711639051,61.59530900510433,,5.110240385519801,49.25521960058745,9.45449690093689,N,8.547764221260316,76.80615993358269,8.141674864033005,Medium,Medium,71.0
61.43587118760836,295.58810877173545,14.405060186046455,51.58294543080885,2.8899236405579103,180.24666358546625,8.775913789505683,NW,28.64538010916074,91.49272820676762,38.0629690297936,High,Medium,371.0
132.08158043699706,114.68185586647085,25.52610264897005,84.06536743930181,9.375964554815058,75.32097756407644,8.980713417972819,NW,-1.7750045400361758,56.065033919472356,13.93821149935039,Medium,High,158.0
,104.19217766147352,65.93712976089627,36.46400221888382,5.376434708873214,172.94764054552428,14.653959901308767,W,19.22459935343438,82.78855286767894,30.65592980723501,Low,High,149.0
124.57445494283795,82.32560662202992,91.28404853753825,95.70380245934048,0.7371588346668378,48.95135502022072,10.716556174441026,N,22.782996277861006,41.42096454609842,36.90935098246776,Medium,Low,445.0
,44.649954277704516,61.649188641114094,18.469313751634104,7.49423430535866,57.27333196968851,9.450204620224683,SW,20.09173590468564,42.12976393891009,39.85659224627165,Very High,None,190.0
177.8051651731241,40.09186084026764,123.3812890788738,41.36285596264888,0.8918330453298802,26.093508824062198,10.931328169707571,S,32.00293859503973,,28.64097684133768,High,None,444.0
15.210967530958186,253.7559494444637,57.96710821961744,38.53008426586582,3.657021639823889,17.683746772641644,10.02406681580051,SE,21.052506159947157,26.15360963702939,0.6948515628104612,Low,Medium,92.0
132.79148889378922,22.640801206330543,88.74322656758153,86.15713709588135,6.274426674596133,178.6020843856775,0.5986603468867224,NE,20.40923889469143,30.16080406612432,4.948539596866908,Medium,Medium,189.0
170.3584257429531,43.6029352982355,,99.59196479983572,1.2257097336258587,183.89124382340654,,W,11.915684406282374,42.28185662488454,13.453031239124657,High,Low,112.0
12.137673750164826,13.89951642216959,35.63972380712953,36.87236865896413,2.7529944263819313,23.70364923731516,5.559725665528027,W,-0.05805244538699572,70.2360046324801,14.650169643507988,Low,High,373.0
95.62294203985067,34.26553193332522,46.200104126397946,,7.48951934244981,16.494236335824873,14.34112371171955,E,20.989330687470314,82.1545322488449,34.14692061878345,High,None,262.0
110.91574431438386,98.95095277261639,120.89201989114797,94.51428373662004,7.8326911101919805,150.79571051788173,5.76487937344964,SW,15.86523876404378,73.1388464318143,4.205469535797413,Medium,High,144.0
65.12307281999476,122.69833827217192,20.822631844388567,29.30570382487104,,17.281008206466005,3.3211626064948763,SW,0.8259188897889391,86.31625924318428,21.524932144064092,Low,Medium,170.0
101.22407136892258,166.22205152652947,41.520011581554215,26.248290034555694,6.940949566696163,62.00033783183804,11.994110408113219,N,,37.14048744458903,15.585622447119608,Medium,Medium,422.0
13.024058658163648,239.15178627254372,41.10151856463282,14.27143471031156,0.18060827170217397,37.10585266760597,2.9816060689579347,W,19.293745422736897,50.692042990596214,40.1117006916043,Very High,None,8.0
35.84164421752649,170.55753421594542,113.9927488979956,34.26455552339933,9.12541724370371,101.2947760294759,0.44726640844599264,SE,26.095921068634933,91.89418851523406,37.27872181954237,Very High,None,451.0
184.42961309103725,105.70068949438989,23.415437668174963,61.049645182767904,9.638512991430998,39.74928492687148,10.109505495194314,W,8.587429021508317,53.375835915037435,41.8918687745081,Medium,None,228.0
62.915293399032436,209.9923814094847,96.4890389818991,2.578426435855965,3.9976853048910503,126.8360877910704,10.587273676901912,W,29.007361801758492,25.743344764938918,16.880752342050258,Medium,Low,203.0
20.4361333491879,292.7006081702486,,23.957810125904462,6.091241384260417,61.35429969694373,10.396685237848324,SW,14.081656730565776,26.001364186896033,49.823741222628676,Low,Low,14.0
137.79740815174085,149.5503104551784,93.4926354463783,78.05684224678076,4.032822874593235,147.75042436488343,1.697639328583675,SW,14.496796115826918,75.36853784320317,34.138604450833654,Low,High,347.0
192.81065157499754,18.022764395951327,107.06271020124504,54.47684796943607,1.0414798178247655,67.31268924199246,4.714436980272906,SE,20.591418822507705,,17.370078247709746,Very High,Low,187.0
79.92170384538348,243.72911762994286,89.0147475665646,,2.272839519652946,18.882385537964215,1.505447584977004,W,24.91385873704024,33.66990085674156,21.968726458911895,Low,Medium,259.0
197.67287962482698,14.880588003464466,54.016576325105994,77.48616152564502,9.492956985006938,,13.354270861267972,SW,-1.116931031976347,41.00450488377879,31.71971499567754,Very High,Medium,483.0
96.97429590782497,136.1416197754588,,17.674441308085072,6.532350836512702,59.058487360845504,2.8716772168812033,W,0.4448429395438813,42.79421880371271,7.246853130548281,Medium,None,399.0
42.69990063463954,105.84244956592241,97.34431756684748,46.70012680635063,2.953307306264506,18.767432314062972,10.761178354094229,S,3.101104143293437,87.40796122096796,33.51267741024772,Very High,None,432.0
95.75901236750514,87.0252885141841,50.349452704585595,86.67340878843409,6.802104090347491,111.50164821563502,,NE,10.455515692951893,88.69988891723594,9.189132597183985,Low,Medium,451.0
46.230012857127164,125.02693206213695,121.43856492793695,11.881698750882727,5.393007701441576,160.3341598805796,5.547548789357149,NW,18.407808493309044,75.13069120718797,40.88356960388657,Low,Low,165.0
45.88851502270745,175.56624312863624,63.82385655067342,98.3140654111204,2.2926542291333174,85.27964149687683,3.5624461347415286,SE,23.43285176880542,50.030211990190665,18.5589621812136,High,High,188.0
144.71405534314698,198.77442064207722,126.98275115218952,57.19920314282741,3.7324651481899105,24.841353628583814,5.438635331923403,N,29.152304981889472,49.761780947821485,44.19958140906517,High,Medium,145.0
198.67119203020388,92.16948958291562,128.91803893431552,63.066146575601415,1.3636378390191026,107.50686498157704,10.829748122938623,E,-2.5442079266909756,74.04879284390057,29.75089002982162,High,None,428.0
75.09118148578015,250.9600912200643,124.7512471716011,2.9652319578997384,9.764884358350825,81.0088345654225,4.132842803755733,SE,16.290896063404283,30.127239071422373,8.819626433853662,Very High,Medium,384.0
126.6683045315943,91.04347512648764,84.6508152654495,14.043811834765984,1.7067917001016855,10.109831064088917,14.593771184985659,NW,23.353926310112936,90.28393757658742,2.9468998372147395,Medium,Low,386.0
36.337647019531076,201.91524726787733,124.65029199735572,99.35290235403714,1.56460528163935,53.29648270346812,11.289795974021771,,6.164609464178525,69.78855594320973,34.65274644233024,Medium,Medium,427.0
60.56110000373887,49.53849963472919,29.35031527010186,95.66677787637404,7.048691265273879,185.95542778589726,5.102680286767341,NE,-1.434165585167957,35.490477527962014,19.875259272089497,High,None,461.0
82.219400819384,89.32758193447201,7.3794370419948745,35.06357092623599,4.479719613740004,15.268830469739191,12.712257415201702,E,28.835928934405082,33.6161785826146,12.635636850354276,Medium,Medium,329.0
163.916069804198,256.1057773224292,79.46658969929511,99.52884989312247,,184.61983613517555,3.5171675011992614,SE,,54.68491422813405,,Low,Medium,32.0
129.587791870026,240.5616875272895,49.16519254533057,12.198555380198203,4.2478893335374694,140.60258124883666,3.4502826711893086,NE,19.19797518683026,55.0933973860543,,High,High,371.0
,89.07690399580079,139.4922484879916,7.431607054856144,3.8431384993717237,82.4180647920755,13.539809669834565,W,21.188555306138127,82.40011077633716,10.133896822591627,Low,Low,
40.99781518632182,242.47342503333445,98.10566023188798,41.98961047548875,0.20082157131990663,73.71846495469546,11.203797117983207,NW,4.325457176468955,49.574494289664514,19.3046756363437,Very High,Medium,36.0
47.7012378805387,35.97121183966189,84.75066518891299,40.482064588392966,8.126663419901508,169.1738920822808,9.859982430925955,SW,2.488046780641584,78.99432761143018,25.93027296924039,Medium,High,200.0
58.53129534394331,232.9478159012162,124.39386914042,9.40594227364755,4.938115134430198,198.70885166462787,2.06397438928543,NW,9.189337749751992,,5.810674997002019,High,,9.0
26.41102010968203,252.07844251181706,111.32442745610618,24.88790537173362,8.180656896387067,118.14503767555084,10.474572319492495,NE,24.17458070485766,94.48393745518493,18.036073018828976,Low,High,276.0
37.9545681007772,141.15587378280432,134.77456567845363,13.228515757515996,3.672164983812246,68.21390698750187,10.305973272435319,SW,28.142600676773213,67.01346796505766,21.438290589712285,Very High,High,
162.47319565339356,142.15859486330214,129.2578052274761,13.020704504655491,6.9387002318117315,136.35564116553897,6.774014236299444,NW,8.826735152649764,20.271465962807422,47.95861900338753,Very High,High,211.0
40.45569702024976,130.41591272901718,116.38270412083637,90.20735272176617,3.806538845960099,160.03249585676284,1.5899080854986765,NE,0.6982075523381237,71.27996432495087,28.675434557603534,Very High,None,332.0
16.408545851027977,258.5994201578296,81.96641663691186,55.76989869452738,1.0979188765181902,133.00228021887048,11.227743632549707,S,34.14302277084383,46.770285792813105,1.3682908923047299,Low,High,297.0
126.22480377078831,77.5561337587816,80.59192737319498,57.418428416424625,7.560431792590732,12.206370330983173,4.237895722281023,NE,27.55565539693847,74.34980986708561,48.26763370335631,Low,Medium,491.0
183.07036618338051,224.06209128321242,37.86070174368452,23.07526818582724,6.6704653164161245,69.72587357285218,1.0132896243130673,N,26.144083936783797,67.80167288556834,31.550841580841414,High,Medium,171.0
,135.1420239329609,12.398618934945494,32.0685961272071,2.609854952543222,36.69445471542874,2.3514039560579048,NW,29.77394862739108,40.114719037143374,7.447808656413341,Very High,Medium,425.0
53.95150884771225,277.6063246207859,125.32441091584101,71.7275779142072,8.14233525585993,177.49001433234127,6.876914405038294,NE,31.955456731588356,89.507773883973,41.53566680124221,Very High,None,103.0
183.81582595182115,97.80214398837529,126.17298312645178,64.05338898146367,2.660652037422099,61.02356106609527,12.015726946631588,N,34.859976936836624,36.161239199686435,47.21803574378473,Low,None,17.0
132.4854329476462,94.18172396030715,132.53563422280916,52.84534220798162,,64.37403067083724,8.370478494918151,N,8.020737557864944,36.85973392672234,31.40297432379669,Very High,High,478.0
143.9292921678764,81.19597691595068,59.3190557331038,28.7091278590463,3.971145925007645,171.92585205238848,0.646124582525005,SW,10.493391076523269,53.42318987885086,47.53008297218149,Medium,,31.0
191.36293833820318,45.44010323044084,,75.10837416834349,3.2945752639758408,190.9252004801299,,SE,22.195026410287593,46.2753933515999,26.09711449166245,Very High,Medium,15.0
40.30400599105342,21.888125819133464,142.6886379245572,13.630024759385536,2.2521702316128427,126.97387345555029,3.5089391847918687,NW,34.66357470172565,50.75001592116617,,Low,None,439.0
93.61530703863379,81.2527834655094,134.25959116851195,32.285438836438786,2.082031308861677,52.83094415487724,12.55898446176724,NE,22.791760733104717,21.24576793804322,18.88200874190804,Low,None,466.0
40.7764395198313,215.91737141475963,60.303578343463364,86.84462072498954,6.067774056044143,67.62226969066477,0.6321939965262918,NW,8.871040988294485,64.2499557481128,37.92503524538125,Low,High,274.0
59.95111906275048,121.6141280775872,127.76341120645266,69.94309730580423,2.715491023672058,158.7671772583155,0.09419245733460202,E,28.417842980758408,57.48058833606285,39.33219097285479,Low,Medium,142.0
50.376335501138946,19.219837773612273,90.83871391453935,70.38623696226453,4.562081115307612,123.9354920828974,12.879916766078257,E,2.8338706468824526,82.4483796302996,31.689694754035376,High,None,444.0
126.95160286444234,294.1376549344505,12.570797577682416,18.565694235342598,,71.64100841035717,13.438209499664033,N,29.778802277421576,40.28367292045229,8.421191573562758,Very High,High,327.0
115.51195638296333,91.93596323549079,139.12467057899175,26.34811001526852,7.0039869781719695,187.18216458045472,6.743435833791152,,,44.700695095798054,9.981472099839866,Very High,None,310.0
31.59986674730917,17.805072921423033,149.4725010044363,,3.598520906719051,83.52824230451535,13.235766003872694,SE,8.273573128367353,90.37843423271943,11.514752014422768,Medium,None,79.0
17.01198190460888,18.789787882028353,117.99695570885837,13.160994956292148,1.374406853290063,35.956857024794154,3.6471868449524765,W,21.661962211082717,67.74988711656508,3.3761457056523114,Medium,High,354.0
28.766636032146536,26.70877345824376,131.6888617734881,61.30412352177795,4.846626080162683,66.28968848403838,2.9198526321962297,N,11.894723095536996,77.30989675950569,46.24988606639284,High,Low,8.0
36.7206174350186,286.02083445053756,45.878269518167755,87.08999982451857,8.973530966879162,18.195988407407043,5.83515857240207,NE,-1.2524361064167877,91.91266081880924,17.855299431062754,Medium,Low,387.0
28.880809778355225,299.9640701279126,74.86643860954197,40.885421749004955,8.833520291988336,120.171217589668,7.169464887633847,,6.5922637427205935,51.09229699413751,8.30984198452041,High,,60.0
9.882473860256242,219.58218535400758,111.74581121473906,67.22865953377995,8.284254546516488,141.879730821172,3.844836137316076,SE,30.896064436376577,62.66411491663531,37.94314511358484,Very High,High,414.0
,27.737596969986946,133.42057110996973,24.678779415100312,1.5033147517744145,88.2180966604019,6.351044260816821,NW,9.796293719100134,90.97809201981877,43.946180363012104,Very High,,456.0
29.162394342896366,152.83081413439996,68.1977931874256,72.13924679709687,7.3622620079044925,78.20277549223782,9.13046241806743,E,10.129236740131557,74.57288354387934,19.204922398748682,Medium,Low,
26.75247572440502,116.68770488327343,74.9179895611909,31.758550125029224,0.47889704497953167,192.84887901678252,5.322755957843843,SE,0.33075570589320424,70.0722885911107,4.790173684117482,Medium,Low,36.0
163.43460275663043,22.451596709212616,9.843708185988024,72.69480354930914,1.183668012201623,80.99123220686174,10.941330030338126,NE,25.672936591294636,43.131934622203616,32.16327970684845,Very High,None,187.0
35.706818086076346,13.613501157727566,93.44390098569534,78.91795947706052,1.8016142450814583,134.1479222723512,2.5931106201256653,NE,19.630771908714344,90.40859613775825,11.09354168064749,,Medium,396.0
94.01291580025331,234.42154837972475,71.03244917694607,16.38282646952996,9.526464176782719,162.64135251466834,2.003837700439285,S,1.5662605371827043,68.38224376412137,23.521679415468867,Medium,High,291.0
71.01502330154457,120.56938584880288,75.67316567471794,,3.4291924305366575,77.52469531573465,13.503214804735071,SW,8.933377581119931,59.13856279569194,17.815526266445296,Very High,Medium,475.0
,22.725232306537208,73.05774528652752,,4.1070320220784975,185.75754473095733,11.890780831450877,NE,26.873976617583306,80.1461183661587,6.359127281158061,Low,Low,317.0
51.80183215385555,232.65312293552316,41.94887914341491,85.22164782812106,4.759455898780214,149.40747889869556,7.905199175471057,W,-3.130710422014955,68.43771090582695,8.402622051037373,Medium,High,19.0
110.2492264004076,62.827039611901974,32.08475800858362,55.1832105779879,0.5440003754853626,84.76936154720323,14.33977801077151,W,30.247887190371195,57.13815672274975,48.547329699645374,Low,Low,133.0
157.3358317757367,243.02407768721176,,62.01871024423115,4.711151702852341,132.34890391106762,14.267530682054616,N,20.302474905593737,46.023321880225865,23.782195517271088,Medium,Medium,462.0
43.4610357248898,153.38360331129505,45.313982933759355,71.49370736753445,0.9773312646712033,137.89023626591853,8.550502102369778,E,16.570155250231725,40.56622632254364,47.937449674606626,,,81.0
124.61619131043597,294.6912812797509,73.2952885874108,59.94675460557249,3.4027024663226557,187.15437007195476,,NE,32.18914669976468,90.52852218332143,16.799128214337568,High,Low,314.0
,59.6473442743609,18.695000624560954,81.55835403737812,,132.89023807937002,4.105325456213958,N,5.693966081054974,52.14916269841576,29.483620832984634,Very High,Medium,322.0
162.37652374685223,248.75507407651386,85.6335384488262,31.64905666001314,4.97559276930884,147.33765723310523,12.350668199335983,N,22.714404342726077,57.1062678234352,42.51859906312307,Medium,Medium,121.0
32.535166344342315,67.92923478453261,148.5584601131491,,4.413038865658043,78.6789785130236,2.730450802599234,SW,9.201417495470885,92.16585233274377,1.9054612709651753,Low,Medium,121.0
14.346045557251689,273.1143136692306,,9.614399883642403,9.966167008165595,,0.4477109373107091,S,13.663568082410066,89.23261219883798,16.649322225403385,Very High,,
65.39595039266214,228.3034421096465,111.17935936185435,11.915126009492381,2.2954007652884005,123.72282606995753,6.335480022495849,W,20.56500311192121,39.67252703730917,36.339388175754,Very High,High,170.0
165.92417146812883,41.678135368349686,17.922037589717497,42.14263083343706,7.25799558817894,164.1548192926204,8.369917654108589,S,-3.3538752030656838,40.497954589904545,12.678072269955864,High,Low,197.0
88.88364879117658,274.51528846326136,78.07271296951967,92.01193339306568,4.875443550842678,59.77018229040044,1.7859042871734103,N,13.682649048182157,,44.740195085775554,High,Low,448.0
41.25438039358649,212.74779673070637,31.1125872513455,44.953123361313736,5.638002639397107,79.65199422686467,6.839702024300937,E,13.077914513474461,35.705818701309205,23.139471790043785,Medium,Low,367.0
165.07435222895717,28.253578447922767,82.88044601535351,55.106983825773675,4.413364554048815,187.7311009654727,8.80392548199667,N,13.54678806699901,35.9925859448875,,Very High,Medium,371.0
112.36184051369534,80.38904614781455,136.2630370913357,42.18935214372155,4.480851194135162,,8.630785537284996,SE,,24.534700919830655,39.08989824636194,Low,None,245.0
7.780069166342437,101.00758645077134,116.34714750529687,41.6458548610861,6.760303275578894,63.61584184137731,3.0168807022891593,S,2.708958213096908,42.87578192753354,21.626704976285072,High,High,288.0
11.501385175125645,181.59557665195948,11.080236586794596,96.34104137499777,,167.63262685582438,8.257773290577651,W,4.4842916400082835,91.78583530486415,46.08906381525121,Low,High,143.0
35.0343966628857,295.2182376592274,77.7175059661621,70.35412542690328,3.4654116333667515,26.697624883545068,9.670105981865847,W,-2.6913642104065616,94.91642174436095,13.18857864130446,Medium,Medium,453.0
79.59200813534433,173.09231564607023,63.543526501860775,44.2214736925096,8.272174221243397,21.092136214029377,4.176942217057491,SW,29.373156422192835,85.21857799930858,23.98065828961588,Very High,High,291.0
28.157512233718517,,62.37655985730489,43.48712427673716,3.1893686565345503,82.41165435171487,5.66278119750372,W,31.502071192215226,81.46933339568764,10.14643407788649,Very High,None,306.0
136.1673678338262,292.2808187601478,72.49191871165915,50.25529837442869,1.9884258725927284,198.39534497855178,12.303704353825207,SE,20.982994131729274,24.12245133834574,10.984803041294306,,Medium,165.0
86.41848596336695,92.85021500158805,133.65121157829915,65.97252362304746,5.346940013364432,93.78939433615528,1.9115045571434037,SE,31.760073890750192,80.43525493459478,24.60946794819329,Low,Low,60.0
148.7157020161325,175.61639456353805,69.87067656648766,45.438758920729704,2.6493273811958122,12.209016577923979,1.177177603139855,SE,1.9370358155217682,65.53714521258422,39.616605638706645,Low,Medium,125.0
33.41371874751341,71.27831481999722,5.086142104377749,,2.2532811083861004,107.50062063652538,9.383724446010692,N,33.43326887593776,69.02608066924904,44.86554245367388,Medium,Medium,269.0
156.95154710513563,30.585826216899562,67.08475175596621,13.038716025271109,4.580919933828225,71.38392120425165,11.027984296427594,SE,24.415050995746775,,7.973135942901161,Very High,Medium,317.0
32.33225270620963,299.15976765089306,65.58224809124243,31.211572215982738,3.1544608297651173,,,,14.08772336255613,25.687763899692804,18.587396373554952,Medium,None,65.0
166.42217702110648,109.99675286784108,138.7672377556271,51.84069903594789,3.876282914767804,,10.402034897848235,N,-4.771756743131688,32.18643680995239,47.734665713290134,Very High,Low,16.0
37.17081644486204,175.2836771970042,93.58134659499888,73.45233504394476,0.6704513883446905,,7.1249470933269885,NW,-3.1492200894511724,40.42213918668175,5.866920248418417,High,Low,439.0
88.73908434570659,18.925274602070786,121.23729257563751,56.97849951714392,5.031321149936181,187.4960588209717,0.8207373470366874,NW,20.736440728387095,36.05247544368288,40.44826351861135,Medium,High,323.0
97.48248015165319,219.22610277724166,54.71511691652313,57.56823626285357,7.353160023051408,29.971868079525105,5.41473139477093,W,-1.4829830566265922,65.2747727935739,17.885422980265055,High,Medium,33.0
7.76625196009522,58.05231667703137,83.34015951932662,83.87378596311021,5.019329291047054,134.40720992587578,13.875671402249182,N,33.315945720365804,81.43829772033203,12.025729339475971,High,Low,35.0
150.98881467969997,15.506794032616398,68.77291838999466,32.709233893662024,2.6558788233412423,111.77731827313258,0.7441216296882575,SE,17.78909176283944,48.50450488612228,15.939150952286607,Medium,Medium,446.0
129.66746552712416,248.91068288250602,45.925143133570614,,2.916977536175614,72.44911633049294,11.44185812292999,E,-1.2255129789286157,35.649324788484584,33.10336911807348,Low,None,148.0
55.77725132561028,202.07394631077963,80.06390905851418,49.97286432606361,2.890517839091634,131.98159455960393,3.135827483441154,N,,78.95479786059992,36.391087050520845,Very High,Low,407.0
46.520212179922524,111.39495154626222,56.41210636610303,27.46023533630977,6.837709988045901,89.1574372189891,14.764197958642729,SE,11.47814075885833,50.49995900492671,11.367403035164847,High,None,491.0
33.93016413787724,230.19591487755184,84.6542722798055,87.43665393346765,4.711928952121203,48.64661143338553,,E,18.78662316758685,57.501117012487505,29.255328502903815,Medium,Medium,459.0
,286.0674111983939,16.62343873302553,46.30172955752285,,126.85589754662135,0.3420503454829066,W,34.33098337994378,65.11794282960298,3.0012426563369274,High,Low,6.0
114.3959643198056,270.0974057559311,23.33198305194815,47.43838089869542,2.0957734561572323,,7.796832063037661,SE,10.072098971492247,80.61806536653552,45.961984270739364,Very High,High,
57.37942801492152,243.3706594266062,142.0282205785159,36.22479253359345,2.197807742749434,,2.8265242120431737,W,,61.074878873697315,27.037223811835652,Very High,Low,237.0
95.78552266703612,101.9282485658312,10.22704771754123,,2.1348000461305716,133.77397010858527,0.0647392384435852,S,2.0632313831547355,60.96858240560045,49.53027482940218,,None,20.0
61.725265911787176,216.61730579009827,51.5970545148193,4.615698190905606,5.57092125198915,114.00308080115754,6.83326775616098,N,4.590871735359592,57.03701328310937,6.8924691470057695,Low,Medium,150.0
42.14944416742299,173.95363746789303,88.52416584040948,30.654185451682878,5.83099450741858,140.96267832862782,4.335789718918228,SE,21.399619004740345,93.05542212108013,,Very High,,
156.88942571643022,228.04739358887073,64.0932872765269,2.793567979407852,7.660647669446587,164.5677392607402,14.181153571668666,SE,31.621885316378957,44.70396427445061,26.45259727930644,Very High,Medium,485.0
15.733475587111915,46.01007425111645,142.81216344278394,26.365037035364416,2.25597669746357,143.7776363111445,4.4713636904747,W,12.576501851189562,86.11712829726166,20.75188608692843,High,,300.0
110.39595292842267,225.3706100724949,27.54177588045108,73.99072895830938,5.529804511603021,35.39863256459726,8.120074437568674,N,-3.3452635609781556,38.04015691796779,32.4514071890873,Very High,Medium,22.0
175.21896154646424,,58.05522723798936,76.15382863865507,1.4573764915121787,64.95572230776618,2.721790811107975,N,23.19572508736846,55.65032173491854,23.060741837699876,Very High,Medium,385.0
14.395487728039868,135.75759204108715,57.44587830889494,31.70312439073004,5.798761597077936,53.362393185348836,3.416442170543257,SE,2.2116382249779365,79.12344065367924,,Medium,None,143.0
189.51109852689333,94.10734474727448,69.44078222121576,94.55928776271185,5.967088610886826,30.674502374506282,7.875059958325647,E,9.71502032447988,51.09477984613473,47.3762600217524,Low,High,297.0
,276.7298825414442,87.36809868620304,83.68217328920139,5.548955764965145,46.14169518732971,9.123796513078101,SW,25.21294228106873,44.03537994880455,24.49175087772951,High,None,278.0
189.28382094745166,285.11291699953443,145.81456163227762,39.02138103292179,7.952556045411595,166.39096079940535,,NE,-1.4020292562309633,64.84297949906735,42.84506265081112,Low,Low,133.0
,95.82865478559175,43.69659900913403,,7.471603232547862,168.93142165231248,0.1570026035938482,NE,14.986875757367557,39.09661962823023,17.483945414509556,Medium,Medium,398.0
87.392468305488,36.25611929853094,15.523252988128045,66.16027054639864,9.704299648284614,57.58110366275181,4.527609708625423,S,27.8032111041934,48.760605470061904,12.44270196527385,Low,Low,383.0
45.225068991493615,271.56043084416183,135.9195896163346,12.457721924064671,2.4262214809381035,51.773982737514444,3.2112080066065216,S,3.5257431628926827,49.95084897769634,7.134708365912912,Low,Low,420.0
68.6825167846481,170.67041639211814,42.432803330698,59.776195006638275,8.092604035386653,98.06077440111147,13.836416948287159,NE,10.486578876184986,75.35546189293842,31.192353220999063,High,None,302.0
61.279384557983086,257.235107472021,89.09018321670044,80.61140059752468,,20.614800590742714,13.15979548195863,NE,23.204448272766996,84.76014040969017,1.1024484153669856,Very High,Low,191.0
61.76113898929447,160.10540323195247,91.94539277894248,68.6254582900988,8.710688620970346,136.97812630103004,6.436640664288348,NW,3.8806574739114232,38.64226905876038,6.384991675867402,Low,Medium,273.0
106.64140075194335,151.11644176308985,42.90813690540972,54.45436762339385,7.9059585992372226,115.72314965542395,9.709929815902727,,22.07292254732931,69.21011488629216,40.20503202944511,High,None,310.0
151.48251157681037,206.24330713475422,59.13790313159277,66.59622615255695,2.2729819877108897,169.90961947406683,12.952889378043723,SE,26.42127031107301,89.28459213588381,39.900200250903275,Medium,Medium,354.0
33.853144533341364,40.22091036030936,18.990614159211816,2.929652921935408,9.595011807567515,86.7769554559425,5.204595547571096,N,34.59799174884036,48.27129660643284,0.5549841700406899,Very High,Low,132.0
87.36728741153885,124.08678862990313,116.72512305175772,32.32035827745971,3.5061903616640646,96.92745590805728,4.987117770519224,E,-0.6172218217866332,33.516679073052856,47.72720386785426,Very High,High,457.0
153.73026184043758,250.97224933651546,88.37383884430147,84.32347520360179,1.0401377558718536,102.39905110659629,14.725349065953134,NE,21.43509324195406,25.12373132563145,23.666504821200512,High,None,488.0
5.143801469392476,126.02173637457997,89.02832074689563,23.191328111867637,1.3905521682594937,85.13432234271852,3.4680738093758205,E,11.746182858016091,57.13476869098482,15.093386902996903,High,Low,65.0
39.37011708747145,53.29962065767858,64.1216749179716,70.05238193071587,1.8049530212903357,173.57641689543303,10.641015870520123,E,,24.06074031349417,29.84982331905893,Very High,Medium,109.0
54.47607430094941,54.30066237246084,42.591873864589026,15.819160587806227,2.072543470549694,191.3369156620956,10.106942541794332,SE,20.489538331866225,50.80785420605113,11.062521052408842,Low,Low,264.0
119.19103639086863,283.9140455790338,57.36110545022789,13.49797669083742,,184.85082682349562,14.514211010267893,SE,5.833002649705325,71.00673763685863,5.495078613222143,Medium,Low,465.0
123.59872761633288,296.5777146790713,94.35185638751966,,4.263879364651856,31.839854576790813,4.557425682327037,W,-2.2391620382062483,49.16060532556605,43.93725306632425,Very High,High,423.0
148.9597769369135,131.64720555679264,21.09893584145201,32.94169267220571,1.582328719043519,181.41254374442573,6.5511466469347805,SE,-2.2698568890407778,29.225535994010116,5.868654564425485,Medium,None,396.0
163.07623678112824,239.40697401681018,111.71330729066307,60.210889909726895,0.34330878401661347,186.12390689675297,13.321710324423167,E,30.902348877158133,80.25677538258866,16.794183686125606,Low,High,1.0
98.32701534216898,236.21436317159845,6.701372401650341,54.119907036554366,3.0319294072987755,106.82502604908694,0.3545414279177139,SW,8.015498982096991,21.72285529891306,35.70603483863387,Very High,None,13.0
119.90711277962905,118.96052504463263,26.16526688178006,95.12159176214011,6.72083365777743,183.66743806348637,9.559701224298246,E,33.46540892810341,32.94725639701774,46.72496692785529,Medium,High,237.0
90.95522018846133,228.8433297540081,96.15688949761073,91.91223745430015,6.426168632748488,56.11377792430393,4.103059920502556,NE,2.0019598256516646,39.5483360673733,4.543669782020032,Very High,High,120.0
52.580900635065035,125.83748411132966,25.232205791602947,14.579188369194185,3.3444663728518584,15.548882696763384,0.02752988385041122,SE,32.25867794650523,57.262600245630466,34.53361552371511,Low,Medium,484.0
16.077518590194007,,123.02513853788696,17.419170655339343,,68.81908014603138,12.004411350286013,,12.305798027773733,,33.0646352700592,High,Medium,359.0
147.9237759982336,116.87689503752821,38.34027536770452,28.74849426042966,5.163125688389528,30.553652698217988,9.608973179775065,S,9.66444438386469,52.73668243044205,13.245130658746445,Low,High,161.0
123.63627955730949,138.1185185080296,95.91865683157967,68.57772502280832,4.471731425545023,16.10490951397482,4.913151474254526,S,-1.9920785547702113,83.74376068665052,43.92682677505786,Medium,Medium,266.0
32.341668100036145,61.45253092701359,90.20525340252864,27.756143045659698,4.611769172727591,33.26209482773131,6.617140132911301,W,15.17728258823621,58.42047861079835,21.09789954672463,Very High,Low,109.0
177.3983551719138,212.99050528556265,142.2101455782414,62.25842099791097,1.5058990797327139,24.682388719551277,4.852220654175676,NE,17.39701236052337,50.36548036097688,12.495577173412714,Medium,High,302.0
59.74989714394746,265.41720168122265,66.12063496985346,58.575425116616294,8.831922820951588,131.7702235161949,0.8697506741270017,NW,3.707272311441919,67.20388981702206,26.002605747983758,Low,Medium,183.0
70.8031779605407,,,51.833193972144095,5.870265010971613,44.32595154915516,14.318932723871402,NW,10.65410806411155,45.694044729670935,11.244910801651187,,High,19.0
177.8149236691337,168.94137326555642,80.1109713852967,8.142211290594965,2.504799679683621,126.91103800154407,7.7959597333502995,N,9.90994641764965,36.69580809237972,33.81376423941737,Low,Low,29.0
,210.7689045757581,143.6680285688165,51.849861900451735,4.263762467899982,112.82276888165242,11.644336910535705,,-4.454860661150781,32.04477966762601,10.006750431602402,High,Medium,161.0
61.37087343683239,123.97697687710493,76.4287899117582,56.53036634541922,1.2826688799222141,97.73432366194987,12.49431267163165,W,23.39885999294237,68.64035286500994,42.67009046844456,High,Medium,308.0
34.48415012590061,75.80912246744009,57.392830610673805,67.02362331055215,8.238563599887565,48.596743310377214,11.102141828731083,SE,,52.78939987811249,35.6111936076722,Low,Medium,355.0
156.7702766870555,253.89574783659393,121.6986117235167,89.0953846144367,4.473958036057755,119.49397505049757,3.489954937443173,SE,16.245610623412382,64.11585269292726,49.74352725852314,Low,None,432.0
118.54194641771561,190.0652977303561,112.33097190286288,93.00384974158774,3.673449786429611,135.75815500226426,0.5122631976193076,E,34.42181430600462,26.41705861723926,5.558769460563706,Medium,High,292.0
162.8433963927776,157.92740532825445,61.38408314520004,36.57886413340749,6.94902581891817,103.40537497489902,0.6749726257427513,E,17.67276367775394,90.39624755757535,8.96538398977369,Very High,Low,10.0
91.66093583527847,25.459958222110835,34.55198279238765,48.014887970959556,6.225381645643009,30.364146403632905,0.36815892157695596,NW,,76.5587052595666,14.849161795638894,High,Medium,156.0
62.43260674948348,195.20394048865506,139.66351837462688,66.80790452566764,2.7329992034201465,,5.845630263040556,E,29.45246363093152,63.49075182178507,14.720347447806304,High,High,185.0
67.26510147903409,278.065736386874,100.74766138657601,78.85010449111711,9.417806384144848,143.87801802598565,8.292853526378059,S,10.561775945511279,78.12476250109997,27.70285559884887,High,High,125.0
153.2324711729869,155.003573555968,50.75034848475884,74.06777903093531,9.221549743530982,80.24380794871173,14.702400701115522,SE,26.74117748123625,47.23854501060483,46.4013930000437,Medium,Medium,468.0
126.73972724202598,172.3793703406879,81.9654844701798,12.962688644165482,4.554683707186746,67.29331039233864,3.010048644212616,E,8.777574567421915,64.31839939230872,3.675232071825596,Medium,None,221.0
66.04244881119212,139.40353855355653,96.85447934536236,51.09556527077982,7.719597909044169,94.5007345848831,5.540287711767282,NE,24.554668357620844,79.88409525493032,48.91472356267561,High,High,208.0
64.79799591937298,52.33367843845602,18.943067760537126,10.18049394514089,0.5586293912735719,130.3792648232369,3.5560543938831173,N,26.69881010432022,60.94045570382018,6.456886778868126,High,None,87.0
33.610332317096635,45.38791395929722,120.92014365436117,99.95971105203712,2.8807088134752785,191.93090940879506,11.850167235375244,NW,5.203897540903579,59.12241240723795,13.461789795891455,Low,None,49.0
162.65982266907812,83.4157052550525,117.57061261576911,2.115325634297348,0.7385234950744455,82.90555854094019,10.462376280841198,SW,-0.7748569013121775,41.71093732259867,18.532843582687587,High,None,60.0
134.27074453134702,103.68025837198353,42.24799328489221,81.8498645190066,7.38424728173271,23.070300583317277,,E,30.851501865747196,57.19657831182437,25.88579640230912,Low,Low,388.0
112.79408856630187,216.62283017815648,9.740875783467498,12.19087352500824,5.603834355416497,23.95227974522148,0.5430312641447899,W,34.20454445373053,57.34894329126314,46.433692740962876,Very High,High,199.0
138.29124074081844,243.3111410343354,136.7694522143726,41.221221362476236,4.55429438968263,158.4849072862887,1.07485365949624,SW,3.947537922856373,60.033846516149076,27.31333342086063,Low,None,388.0
93.25891079611498,130.22448940851802,17.073089193973303,17.217846395781592,7.212717435725484,43.1295725606737,7.383110634757422,W,3.0712479873805076,74.38318992374855,49.69474076112364,Medium,None,441.0
133.923492377389,134.28762897371362,6.107877408433,21.525817941827103,6.667929771762126,123.05045913840331,3.5707577918256876,N,4.985483338319771,64.5559092352941,48.415701551349436,Very High,High,116.0
186.19411993580877,245.21356962140342,116.61406340162424,97.2895618067208,9.327468625830488,45.14992055195141,10.534524605594108,NE,32.47636414989752,93.79148505306458,37.59163840208225,,Medium,120.0
19.89146990599018,196.61780843657604,140.46111999331399,51.422356653662064,4.087589470900646,129.61772081101685,10.033201549870158,S,,69.80039973640712,12.314957657904053,High,High,341.0
7.4870510769173615,147.4706992163544,147.20812701444348,71.36691836273587,4.364741707130912,103.62110514569656,3.775365053188968,NW,-3.25459105545828,68.10418094143273,3.945461567263431,High,Medium,97.0
,204.32211098318132,34.409434314090745,62.360511700675715,2.979767211008292,51.31514495491675,12.933542555646294,SW,32.908339893183026,56.16960097272054,28.92191043649262,Low,None,332.0
196.24287292695277,289.86271357680914,101.82666290568642,51.58816778565308,9.877103355698175,,2.410932731650415,NW,3.411013962367111,31.376068903660855,3.6772383406713125,Low,None,327.0
49.4131750548783,59.63393750234389,83.50603253361133,17.14479583908976,2.479636258587966,87.4435959258222,12.833481959914927,SE,,56.231207258083245,10.794734177884562,Very High,None,418.0
23.172115421190043,236.9446627178543,5.196470819112858,79.18535342915911,4.653877623324502,169.31073790438631,7.369438865448464,SE,25.540243343500197,44.506606290224255,27.89246638242239,Medium,Low,257.0
111.70913360138755,277.19100932051623,102.50515802842679,77.41510882456176,5.659029600216599,39.109038310487364,1.5654568635554793,W,18.459647607171416,63.12487711717617,40.36241940644629,,Medium,498.0
124.2906985162613,167.2475545637903,114.95814874748402,10.907587405033713,3.001014815864716,115.84529333263046,6.418289758669374,SE,25.721460407410284,76.77165428695682,31.660670016371306,Low,,180.0
110.04498740596182,70.33481263873374,110.57798077603951,78.82008677693973,2.0143341185533354,177.03191235613974,14.779507000172602,E,29.329644545135977,67.77577256582865,48.33506098819903,Very High,None,266.0
94.70128115507148,160.5539670486448,144.23794064181646,95.01585742672852,7.965846733423238,129.53045242938208,10.47778116236671,E,3.048259151015454,29.35709270646666,30.945855964901465,High,High,28.0
32.810563668944326,224.7450248589409,76.96457360952667,31.391960623731165,8.19338676681225,65.04626248807958,12.566179542478496,N,28.754043438780094,92.26703533854568,3.1595990868251436,,Low,211.0
139.1868631472789,138.44112816954487,128.44813967051664,37.565278639364394,,40.48718074369009,5.9446776905034895,NE,1.5447658326835256,51.76887884154493,4.766642525319082,High,None,410.0
138.44036365248323,287.4883598934426,34.62790295673234,83.09269049317966,8.353599852998821,42.52032916932295,11.132423668507272,,3.0343017052299093,33.47557028307213,29.76785943500865,,Medium,365.0
99.13632367556075,280.1165259171312,65.7703059263476,83.34648116346015,4.35417348542962,65.5309967342306,7.279967791614717,E,28.50998249049669,38.03643173908796,17.945613691778266,Very High,High,408.0
107.51889234778174,104.28390227360589,137.10703282711634,77.18783008652511,5.80560492312361,178.54042622009254,13.668343809583241,NE,-2.0002913628125496,60.48150947171413,24.230849471726025,High,Medium,167.0
35.63355633149683,276.6998612362813,92.36577022424545,67.47100713746035,8.043108836585303,129.36708074746673,11.932640781915486,E,23.10734302510688,65.22066088229097,11.935197176953277,Very High,Low,217.0
49.5579021686717,86.17660347863722,42.83184804688367,49.80852997865598,0.8796441287279345,98.003509368029,5.256474074090197,N,12.138058806154213,83.13887508547751,25.006115901257875,High,Medium,228.0
22.25627086203151,54.80999968225583,84.68832160984053,87.75109158043774,0.11524211127573226,76.00437575175295,6.3557442028405235,SW,29.835470995441355,66.46932103728149,,Low,Medium,179.0
185.7335184703628,39.558140477642084,139.33279709404292,,8.395401936655361,57.70562491283583,3.612695126653933,W,34.99542074731447,48.19783805601264,38.33054901577262,Very High,Low,324.0
35.48303620053794,208.01772389290215,49.79005119466022,25.83642809540752,5.353034380991967,31.355043218732924,10.049108665915144,E,34.074606758626224,89.42215903382031,1.1434447932387626,Low,High,369.0
148.41190685619628,226.97933992165088,29.990403227603668,28.409066344326334,5.015385968445166,59.872029102209844,12.364610705191925,,31.794681968382,77.58719778425262,22.002205529699136,Medium,High,345.0
130.24354800820677,263.3540667182792,147.92589072383953,30.846959965106866,0.2021771378618223,181.0064508291593,11.579920465407088,E,25.13603570844708,37.593645768002126,22.40831470317735,Very High,High,137.0
199.60386105931764,68.2188059774995,65.12125805839182,86.58846381868115,5.742979913305092,15.809237340080632,11.531832716660004,S,16.899723059845527,66.58789658602021,34.87281102370803,Medium,Medium,151.0
116.33337165717086,62.585241846310964,24.583804485891406,32.83476874792739,,193.61699213575073,14.459570742244745,S,9.084724883129196,63.09692770639042,38.295043309521155,Very High,Medium,479.0
179.03991385837662,60.05241053418258,61.395446027133,36.36644056894034,6.381014222364862,13.022378449116891,5.076276250041254,N,-4.381525776468287,94.08417995541197,3.5553866964196654,Very High,Low,372.0
67.27901797926782,34.27038543713027,38.7785248104983,84.44249572611932,1.3848470531404995,186.20556542956922,1.675902943073138,SW,8.851088780782375,68.5109241321697,3.3449037669644186,High,Low,182.0
49.59592469163064,90.49777747100046,58.32688717648489,79.5269470220804,5.962619170208287,50.71678550602576,14.183544067850256,SE,28.639650309332318,65.63341528291323,17.260540424456572,Low,None,25.0
182.1940768256103,192.8608935896722,115.35386645445016,51.0526091224528,4.374368985378245,40.840549297022136,3.286482481886921,N,32.00250765842895,,35.858901039994684,Very High,High,310.0
172.18528420589436,49.23914811805547,98.78565296856904,56.551327076296126,3.2032741315148523,148.55854425633544,3.335894076293963,S,30.557977979426106,64.6384534197849,10.15118694490053,High,Medium,430.0
100.66673054068599,117.4003600734845,102.0127459202305,28.684133067478683,8.50454681059147,113.01170046233985,11.07544277871001,SE,27.02946025425782,68.27417626857482,31.982630505653635,High,Low,250.0
157.89369304560168,223.70754959527875,120.59012756588487,54.77386396521027,8.668331719024623,172.736398750877,8.922543584692542,SE,5.424682772209373,94.3400211338744,6.893510430806588,Very High,Low,6.0
120.68750261250759,240.75941497012218,66.46458328698512,26.384306185233083,1.3926485901098793,146.3312433623656,6.820118818186557,NE,24.933802235869994,25.573540890706987,14.006046817039714,Low,Low,493.0
131.7918035224977,,60.055241342468136,58.2753866380237,7.258200565178795,134.8793048431508,6.105534121659401,NE,7.671147703513963,30.98035190245494,,Low,High,498.0
41.87875624532233,59.42310905332899,139.1042736769614,68.83133017940459,2.9728402920133483,130.06368271350357,,NE,31.55013687881356,,1.310452799792594,High,None,
6.9583761654645,269.3110208753228,81.53437299772402,62.39137679551093,4.774237862087028,42.446913387765186,1.1505025856513478,E,-2.760857433245625,81.18201322284276,26.610177684266183,Very High,Low,297.0
73.33846684855457,33.45777540649818,116.36035764353939,28.015282897745255,9.102726747696806,133.63126266294853,3.892370486285746,S,28.93418019512727,75.42612567109438,4.856531383003232,Low,None,360.0
86.0393805132317,158.20873296355018,39.44299337173133,88.41029058364522,3.859302494384701,118.95143947514931,7.562019494698059,NE,8.895532109950208,27.159935558583907,41.749737016851526,Medium,Low,426.0
125.13444403412645,223.8083476488218,70.09572572033966,79.22105101677549,4.9434656897514735,86.85416116673748,4.388076280388037,S,19.56960685374458,,17.175162968993813,Low,High,156.0
,21.476399626065604,105.41040996756749,54.27375520722204,9.666721345572144,176.0106952819795,7.850567620890827,NE,23.689743232526027,33.62750044984796,49.74047397397871,Very High,Medium,173.0
146.95189233986767,249.2550497307561,69.37378414786632,77.40061233132921,8.112330291900387,149.68870912424606,3.4420589502069934,NW,15.10952141163433,46.03809950360252,48.658054274049675,Very High,None,461.0
10.396824777818907,111.31554727702031,53.90015647807817,49.74778693525776,6.035574049904239,92.86393029425155,1.2769673817975753,N,-2.425368831221051,94.67301793074323,44.1552901099928,Very High,None,201.0
156.66511373014478,31.06929981547,,8.318384085743999,6.737601247560129,186.1776183329429,14.449927838232078,SE,-2.085050353433253,24.859630880333032,21.47019189216054,Low,Low,159.0
92.76964252334771,192.5266934194193,91.12013205290071,69.99409187261551,0.411524286145715,61.55343833477461,1.1868844241380816,SE,25.651027666376756,52.98852768499941,5.086850665787789,High,Medium,271.0
149.58209725236262,207.0083822810756,23.994503135238485,62.122268686104555,1.775838331040805,36.57388438257039,7.985786371289779,NE,28.34056674905173,54.07069146363488,33.29547336848614,Very High,High,209.0
62.419215554140415,128.75199341405983,49.198966968630096,68.03429909105965,3.2159769882694462,68.15827765052822,10.589275882832524,NW,12.181258253507593,37.9558184900728,17.1844510627975,High,Low,169.0
89.85435796996411,19.254535946843248,141.47489031281398,37.25312479113228,2.561448942075079,79.72548021444133,7.637824327743443,SE,,58.860131634442354,4.805687354034166,Medium,Medium,
141.00636213067276,220.26271476808523,,97.60833576804093,4.8333157271943525,130.95059774156118,5.828364348733385,SE,19.47774749503395,69.33611517858375,11.141269924317731,Medium,Low,186.0
91.2611070328548,,122.71621293512447,20.08257612441524,,173.74608566106207,13.243681510350362,W,1.5094305232562322,85.85290473038998,3.2577957159639404,Very High,None,77.0
80.27835727567715,297.02574908243565,107.59842072466733,9.170792246058951,5.69001906553227,122.88384430611679,2.6756505149749055,W,4.476680240646505,84.58003802338933,34.73573722503805,Low,Medium,67.0
154.5442203392843,228.7040617896017,104.23349459589735,,5.721378229753889,58.28151211763243,10.531877627359405,,6.393253255922273,84.08774502798393,43.99368451774899,High,Medium,81.0
,109.97638064492001,106.50862531530728,27.64162792303387,6.681478671102185,30.420299132505107,3.020568439757758,W,,70.31637602675318,10.179734157831376,Very High,None,
131.21384871008888,269.3814880436231,5.458315942311812,,5.475879730391793,45.024399024582145,12.289875602070737,S,33.859621419415824,45.55377073442351,37.24486358601993,High,None,
24.893527256106093,13.440302886809778,45.93891958943226,80.7470059404116,9.73189497105579,176.75937486851717,14.115757650884822,NE,10.982461794221049,30.596119205475894,31.132214547783892,Low,High,263.0
173.6760480904717,159.91825408703346,115.34658841472773,98.39955299271108,5.995462557156438,140.9831341244448,,N,,49.21094783459195,43.614116238037255,Low,None,154.0
188.32286573481636,214.68938068902122,96.0433384319241,35.716777871985244,6.168751914789377,,6.603696101665356,W,-1.29186855810977,38.27679298077218,36.231015509846124,Low,High,273.0
